epoch,train_recon,val_recon,val_ce,val_total,val_accuracy,val_knn5
1,1.057228121091889,1.1212509689627919,1.3921533555968593,1.1544483263271261,0.24958310172317955,
2,1.0146950789438423,1.1222067001198583,1.3851846946220123,1.1640934416689828,0.2573652028904947,
3,1.0058258769056694,1.121982915856031,1.3817959033230267,1.1607568983636742,0.26737076153418565,
4,1.003326779493211,1.121101553271783,1.3769852880506532,1.155067023997707,0.26848249027237353,
5,1.0022589114235945,1.120446553423777,1.3700481115810867,1.151615806524458,0.2812673707615342,
6,1.001644663381372,1.1200349478008615,1.3612309573026682,1.1488182996630072,0.330183435241801,
7,1.001242802562232,1.1197625118338312,1.3499444407049055,1.1469780846129793,0.367982212340189,
8,1.0010293685237017,1.119601221598805,1.3369778457650083,1.1451565974152307,0.45803224013340743,
9,1.0007490546093378,1.1194693123784047,1.318590080426626,1.143378401412243,0.5997776542523624,
10,1.0006061061442948,1.1193376745761534,1.2929272230232074,1.1407349243503335,0.5897720956086715,
11,1.0005115438155074,1.119283390946359,1.2638534537416621,1.1384300414292663,0.5630906058921623,
12,1.0003956962392806,1.1192304644073097,1.2306014734748472,1.1350035230075737,0.5780989438576987,
13,1.000326024855586,1.1192270716804475,1.1928487017527099,1.1322567713399805,0.5630906058921623,
14,1.000282291232432,1.119217707754308,1.1493493292714703,1.128191945286444,0.5775430794886047,
15,1.0002592612925798,1.1191701417237008,1.1128838259753682,1.1244828127171345,0.5964424680377988,
16,1.000209479402394,1.1191368930004517,1.0774376335377294,1.1210060819378822,0.6042245692051139,
17,1.0001735387386852,1.1191262398381046,1.039514750490724,1.1175957128960534,0.6197887715397443,
18,1.000143413716353,1.1190921768604085,0.9982183434156129,1.1135075448817051,0.6247915508615898,
19,1.0001249199767746,1.1191043906771123,0.97304953489786,1.1104726149944413,0.6342412451361867,
20,1.0001174759558122,1.1190936696602278,0.9466963932870692,1.108357928341266,0.6592551417454141,
21,1.0000664146245235,1.1190795559164814,0.9012126148641606,1.1043066053406407,0.6675931072818232,
22,1.0000746728352787,1.119087834170025,0.8954003987675445,1.1039559330921693,0.6837131739855475,
23,1.000036173289364,1.1190589959916968,0.8481736408464772,1.099489001050931,0.6909394107837687,
24,1.0000322186532278,1.1190646279182879,0.8352421945568719,1.098044242243955,0.7037242912729295,
25,1.000021052621784,1.119039793157657,0.8106935765095192,1.0949942486494233,0.7165091717620901,
26,1.0000162837958553,1.1190349076309756,0.7923114430977279,1.0939529529208936,0.7142857142857143,
27,1.0000069787696522,1.1190320577404114,0.7649197877944344,1.091079516832268,0.7287381878821567,
28,0.9999925559790377,1.1190385717759868,0.7659047642570526,1.0913889335220957,0.7342968315730961,
29,0.9999768537473201,1.119026357959283,0.7400235509527863,1.0881368012611172,0.7509727626459144,
30,0.9999719686085636,1.1190331434130072,0.7209047886846859,1.0869688889660922,0.7565314063368538,
31,0.9999684792237374,1.1190254079957616,0.6956962174081087,1.0859185685841093,0.7493051695386326,
32,0.999962082018223,1.1190347719219012,0.710559550227557,1.0864576050279668,0.7504168982768205,
33,0.9999534748689852,1.1190405395575667,0.6658086686614091,1.0826089635300862,0.7676486937187327,
34,0.9999487060430562,1.1190419645028489,0.6673638946550167,1.08268516417541,0.7754307948860478,
35,0.9999453329710577,1.1190402002848805,0.6753020612579905,1.0847250751285435,0.7320733740967204,
36,0.9999302123034779,1.1190446786843384,0.6363597316434477,1.0805011301851724,0.7726514730405781,
37,0.9999298633649952,1.1190455607933227,0.642573375182393,1.0806080689358672,0.7620900500277932,
38,0.9999129980050023,1.1190621851549472,0.633160525921519,1.0805779415213312,0.7581989994441356,
39,0.9999104391227965,1.119053160501494,0.6084354860773347,1.0772149349464981,0.7787659811006115,
40,0.9998967142091472,1.119045900066009,0.600599372698374,1.0767136256253473,0.7798777098387993,
41,0.9999121838152096,1.1190301578133686,0.6078548548021471,1.076857612953377,0.7782101167315175,
42,0.9998946205782515,1.1190433215935938,0.618676364256184,1.079001273493955,0.7593107281823235,
43,0.9998927595730109,1.1190378253760769,0.5844985088286896,1.0748552934138758,0.7748749305169539,
44,0.9998769410284659,1.1190072229797805,0.6111340610234852,1.0769315743989716,0.77431906614786,
45,0.9998698459459862,1.1190290721407727,0.5750696458970261,1.073768195872707,0.7754307948860478,
46,0.9998634487404716,1.1190598102461438,0.660029158451744,1.0859097474942676,0.7281823235130628,
47,0.9998600756684731,1.1190444072661896,0.603642173711958,1.0784018465119511,0.7593107281823235,
48,0.9998429776828252,1.1190335505402307,0.5914769408568996,1.0760962171909743,0.7754307948860478,
49,0.99985030539096,1.119053228356031,0.597497877510075,1.0783940432401682,0.7665369649805448,
50,0.9998380925440686,1.1190526855197331,0.6071674883398763,1.0786533154269733,0.7620900500277932,
51,0.9998326258411744,1.1190476642839773,0.585186078854572,1.0759711612788354,0.7709838799332963,
52,0.9998230881893163,1.1190317184677252,0.555009707270098,1.0723412149544886,0.7821011673151751,
53,0.9998235534406265,1.1190304292315174,0.5660765108762681,1.0745570727226932,0.7859922178988327,
54,0.9998085490858742,1.1190231009414953,0.5700478673047527,1.0742638054127294,0.7720956086714842,
55,0.9997961036133278,1.1190517355562117,0.5692497622377015,1.074727387611173,0.7748749305169539,
56,0.999774934678716,1.1190372146852419,0.576179678271783,1.074811798655503,0.7793218454697054,
57,0.9997802850687828,1.1190654421727348,0.5556745120987354,1.0735347762645915,0.7882156753752084,
58,0.9997884269667103,1.1190454929387854,0.5555293373163042,1.072471767084144,0.7798777098387993,
59,0.9997378308867317,1.1190409466847901,0.5644977393582372,1.0733094992009449,0.7859922178988327,
60,0.9997278279835636,1.119032532722172,0.5585253526264592,1.072872923108324,0.7837687604224569,
61,0.9997392266406622,1.1190547890103877,0.5557583124522304,1.0725423358028765,0.7782101167315175,
62,0.9997501600464507,1.1190667314089424,0.5750311723744094,1.074400600159811,0.7848804891606448,
63,0.9997108463107433,1.119068292063299,0.5437381525977973,1.0711559318979293,0.7859922178988327,
64,0.9996721141391735,1.1190841700250138,0.5535313604671867,1.071682958088695,0.7848804891606448,
65,0.9996940972635779,1.1190785380984227,0.5659628884536548,1.073094128899736,0.7804335742078933,
66,0.9996956093303359,1.1191041192589632,0.5486707364008651,1.0715878938820178,0.7865480822679266,
67,0.9996331493419486,1.119083355770567,0.538556915843003,1.0703625766484852,0.7926625903279599,
68,0.9996583892255241,1.1191514138714216,0.5785454267127571,1.0756959432757782,0.7837687604224569,
69,0.9996117477816817,1.1191315324920095,0.5481250841396261,1.071845741123541,0.7954419121734296,
70,0.9995972086782396,1.1191208793296623,0.5660063153574902,1.0735079737223805,0.782657031684269,
71,0.9996043037607194,1.1191531102348526,0.574191947457789,1.0748217054179405,0.7837687604224569,
72,0.9995901135957599,1.1191684453602695,0.5617256100937152,1.0734160308244163,0.7848804891606448,
73,0.999557662316877,1.1191422535088937,0.5544093642518413,1.0724990446081155,0.7893274041133963,
74,0.9995312593050262,1.1191145010031616,0.551248733834335,1.0716918470330739,0.7915508615897721,
75,0.9995438210904002,1.1191711595417593,0.5399955338143587,1.0706670399570941,0.792106725958866,
76,0.9994831057944259,1.1191100226037034,0.5533636579783908,1.0719965817598318,0.7882156753752084,
77,0.9994789185326346,1.1190980123506113,0.5531605014938855,1.0719001604624097,0.7793218454697054,
78,0.9994525155207837,1.1191711595417593,0.5680858533603739,1.0741024473231657,0.7848804891606448,
79,0.9994634489265721,1.1191832376493887,0.6142871935146261,1.0786056815418288,0.7682045580878266,
80,0.999371561792818,1.1191826948130905,0.5673500387585116,1.0740047367895358,0.792106725958866,
81,0.9993313175544902,1.119243967460221,0.5699032014313508,1.0742175286183295,0.7909949972206781,
82,0.9993474850375179,1.1193551131922248,0.6309876200753891,1.0815701105648972,0.7709838799332963,
83,0.9993143358816698,1.1192231361172873,0.5357450238196567,1.0701948402324208,0.7987770983879934,
84,0.9992383836052883,1.1192520421501528,0.59426929077352,1.0767753053997011,0.7798777098387993,
85,0.9992126784704026,1.119171905941669,0.5457429149006392,1.071023140568545,0.7959977765425236,
86,0.9991625476417342,1.119380287225542,0.6008226819804405,1.0777184156128405,0.7859922178988327,
87,0.9991152083209266,1.119326410722971,0.5888294603772929,1.0763045306203098,0.7893274041133963,
88,0.9990750803954264,1.1192958761812117,0.5655371351597241,1.0732198633572472,0.7926625903279599,
89,0.9989787733742258,1.1193222715961992,0.577273289848527,1.074651729802147,0.7904391328515842,
90,0.998897587020605,1.1194096003856309,0.5839870213269525,1.0756431524458032,0.7871039466370205,
91,0.9988652520545498,1.1194574378343871,0.5559402304665787,1.0727118364369095,0.7987770983879934,
92,0.9987269561026084,1.1195240031354226,0.5999457977956504,1.077716379976723,0.7871039466370205,
93,0.9987397505136374,1.1193333318857699,0.5804049124513618,1.0746169882790786,0.7865480822679266,
94,0.9986676365605646,1.1194032220591301,0.5691786506826709,1.073553911244094,0.7871039466370205,
95,0.9984464095625893,1.1196481769385769,0.5946856462140425,1.0767789016901752,0.7904391328515842,
96,0.9981274797894831,1.1197519265260214,0.6141285496065523,1.0792554565904668,0.7871039466370205,
97,0.9979389366960457,1.1194220177659464,0.5666239273554753,1.0734777784533074,0.7943301834352418,
98,0.9979582446254168,1.1197065318406059,0.5842156232629239,1.0757941966457059,0.7954419121734296,
99,0.9977228274624821,1.1197015784593871,0.6175208014869372,1.0789678212070941,0.7804335742078933,
100,0.9975061366647808,1.1197962355388411,0.5880177844027932,1.0763611891589078,0.7932184546970539,
101,0.9972886316772868,1.1197069389678294,0.571069213799333,1.0746414837670233,0.7926625903279599,
102,0.9967456833983445,1.1206179539848526,0.6454987878465467,1.0837094284150917,0.7804335742078933,
103,0.9965841248808956,1.1200703678693025,0.5834453385561423,1.0761775747811284,0.7915508615897721,
104,0.9959445206422701,1.1212182630758407,0.6375982805117426,1.0835789441399737,0.7815453029460812,
105,0.9955092780416269,1.121214938203516,0.8132714382339147,1.1026055599464981,0.7387437465258477,
106,0.9948508311249404,1.119839255315453,0.5668799085972241,1.074576275556733,0.792106725958866,
107,0.9937933148969748,1.1212918852487492,0.6809279487953377,1.0888078826344496,0.7720956086714842,
108,0.9936186130300143,1.1201382224065453,0.5834756016797527,1.0761817817624375,0.7915508615897721,
109,0.9926247199187113,1.1199870424975682,0.6100635878439411,1.0787681253039882,0.7871039466370205,
110,0.991203144540555,1.120276442098909,0.5777228261577613,1.0756183176851724,0.7893274041133963,
111,0.9896367596921153,1.1192299215710118,0.6262420773042315,1.079823941903488,0.7871039466370205,
112,0.9883175396021915,1.1190761631896193,0.5896034770836228,1.0756789796414674,0.8010005558643691,
113,0.9870657809522392,1.1188244907109852,0.5981021221642232,1.077017410388584,0.7876598110061145,
114,0.9848601408036565,1.1179807195403697,0.6338229897686215,1.0802428758164258,0.7882156753752084,
115,0.9827833752679848,1.1177046872828655,0.6039669933817399,1.0765361181559199,0.7859922178988327,
116,0.979914403063959,1.1159657112024042,0.5804423003013827,1.0726614205157379,0.7982212340188994,
117,0.9774722989369938,1.1161930239021678,0.6251419516919122,1.0776384829679684,0.7837687604224569,
118,0.9745847166805621,1.11329380308939,0.5956456522069552,1.0720981600020845,0.7926625903279599,
119,0.970234675087095,1.111950758233741,0.6068178339094636,1.0722424187482629,0.7909949972206781,
120,0.9670325829450036,1.110644286973666,0.5883920700302251,1.069606337830913,0.7971095052807116,
121,0.963322901623541,1.1074783978295233,0.6211288307957545,1.0695354298394941,0.7898832684824902,
122,0.959345817111571,1.1055549252622985,0.605423762441808,1.0669516647703585,0.7915508615897721,
123,0.9544550953392985,1.1022677122055655,0.6257694025977973,1.0662017364247498,0.7882156753752084,
124,0.9491266302405907,1.0985848393421693,0.5904437198183018,1.059014448130906,0.792106725958866,
125,0.943694181474065,1.0962245192641746,0.5889123107672666,1.0571050214528905,0.7926625903279599,0.7959977765425236
126,0.9384287579278823,1.0931520658178155,0.637681877301626,1.0599108065678848,0.7854363535297387,
127,0.9332972104461946,1.0917492411148555,0.6898775551304545,1.0646851875173708,0.773763201778766,
128,0.9278912228479336,1.0880318981465398,0.6509658957667455,1.057039202551765,0.792106725958866,
129,0.9226497597442235,1.0825293701579002,0.6084107870257782,1.0472228223579072,0.7893274041133963,
130,0.9172537750491305,1.0802609929778697,0.5778620636681837,1.0422680840484297,0.7998888271261813,
131,0.912435632481241,1.076683091083588,0.5962665212227279,1.041053352122707,0.7965536409116175,
132,0.9078655270180741,1.0738175939758199,0.6141137573174333,1.0399107495700737,0.7932184546970539,
133,0.902524849072475,1.0693937495657309,0.6539510882782101,1.0410032076196845,0.7904391328515842,
134,0.898992079561696,1.0667467440678848,0.5907461474907935,1.0313116119198165,0.7982212340188994,
135,0.8942274990508873,1.0656312154756113,0.6285321679361798,1.0353818663363328,0.7848804891606448,
136,0.8900359918413531,1.0630239727365898,0.6473731337288077,1.034529138366801,0.783212896053363,
137,0.8854054037078668,1.0581878441582129,0.6607134036053015,1.031424861142475,0.7815453029460812,
138,0.8817170076338435,1.0566575886343108,0.6220646127188716,1.0259686778027723,0.7909949972206781,
139,0.8781172419344033,1.0544678548629447,0.5827355800965814,1.0202209913710742,0.7965536409116175,
140,0.8748422798058599,1.0521355587088312,0.6799758817832824,1.0280854679466023,0.782657031684269,
141,0.8715713886262804,1.0503570234331574,0.5994328174940939,1.018391836610617,0.7948860478043357,
142,0.8685831957740293,1.048644578476758,0.601323380610756,1.0169617343836854,0.7998888271261813,
143,0.8655201556172583,1.0462128754255837,0.5917083926834352,1.0134832393864648,0.7943301834352418,
144,0.8623311486682647,1.0443764602296415,0.6103193315948097,1.014146178215328,0.792106725958866,
145,0.8596246073278943,1.0423010613535297,0.649337251163841,1.0159469019246803,0.7809894385769872,
146,0.8569487144175798,1.0411986286869441,0.6222537233141676,1.0123730034480962,0.792106725958866,
147,0.8540670641153526,1.0395909511360477,0.6067739998784046,1.0095011958683644,0.7971095052807116,
148,0.8516068733437053,1.0383827332459006,0.7565616016059269,1.023823524462375,0.7587548638132295,
149,0.8486002449082897,1.0383555914310034,0.6849051746412937,1.016602376754447,0.7798777098387993,
150,0.8472831184492615,1.0374303269611589,0.7168033890355753,1.0192837166481379,0.7776542523624236,0.792106725958866
151,0.8438843994722189,1.0348338052390216,0.6181794654799542,1.0066939179535506,0.792106725958866,
152,0.8416177532455932,1.0333141350229293,0.6797818178067676,1.0115803267440244,0.7859922178988327,
153,0.8383401159220164,1.032039148268135,0.6297572816061006,1.00445458251546,0.7909949972206781,
154,0.8367301719196641,1.0296783532083797,0.6502923716300723,1.0043303408577682,0.7854363535297387,
155,0.8348212457941282,1.0287762949902723,0.6028193017388133,0.9985791938446706,0.7932184546970539,
156,0.8339732089685564,1.0290612840466926,0.6029321438342482,0.9993123621195803,0.7971095052807116,
157,0.83224776632846,1.0273407644003614,0.6264628081138827,0.9999621371682185,0.7943301834352418,
158,0.829600137435237,1.0275772374626528,0.6189181978269177,0.9991068307262715,0.7859922178988327,
159,0.828399265647332,1.0262962795085813,0.7033555697175514,1.0071582465519038,0.7770983879933296,
160,0.8264100836707956,1.0264084430586438,0.6508000592777238,1.0015413158134727,0.7815453029460812,
161,0.8241321550998988,1.0242941635326919,0.6505409906545303,0.9995936191764522,0.7871039466370205,
162,0.8226123535388876,1.0242513473196915,0.6665637539518483,1.0015484405398833,0.7837687604224569,
163,0.8212382337943663,1.0232876771817676,0.6592360746204489,0.9993984016728044,0.7859922178988327,
164,0.8203789146245236,1.0221099938333797,0.6947000449468455,1.0018967378795511,0.7854363535297387,
165,0.8182481217804609,1.0215653254629309,0.6650429980631601,0.9981601920771956,0.7893274041133963,
166,0.8166208471668056,1.0200032461610617,0.6296897663415439,0.9931199570507921,0.7976653696498055,
167,0.8148826682720939,1.020350525682671,0.6658964045780642,0.9971452239091162,0.7904391328515842,
168,0.813395434302793,1.0189598469418775,0.6473719802016745,0.9938173659845748,0.783212896053363,
169,0.8119312884297583,1.0180879839928432,0.6423471481552251,0.9924401224421554,0.7982212340188994,
170,0.8100032870005062,1.0189923492652169,0.7067561677060172,1.0001815787416621,0.7848804891606448,
171,0.8090504523173238,1.0168751519941635,0.627834419729711,0.9899746278314341,0.7954419121734296,
172,0.8074116045773285,1.0179737169521261,0.6936765271070734,0.9978715388757643,0.7821011673151751,
173,0.807928905877799,1.0182187396861104,0.7347394467195317,1.0028725539796415,0.7682045580878266,
174,0.8054453943842306,1.0169605808565523,0.630586735469358,0.990694157344358,0.7959977765425236,
175,0.8039981138711887,1.0151673890008337,0.7375018727852279,0.999909482047318,0.7687604224569206,0.7909949972206781
176,0.8035303036788352,1.0160463766762784,0.6511537171258338,0.9916445279929822,0.7815453029460812,
177,0.8014202726744879,1.0142993259058852,0.6557151705374513,0.9905189569291968,0.7937743190661478,
178,0.8005020992139114,1.0138230549089773,0.6608730653314341,0.9905066074034186,0.7887715397443024,
179,0.7975484512714388,1.0126530391232977,0.6519700750634033,0.9882604865116037,0.7954419121734296,
180,0.7977979422865055,1.0137982201483462,0.6688179495335951,0.9912220656441079,0.7865480822679266,
181,0.7953163499545914,1.0116389530642023,0.6549262936874652,0.9877183287590328,0.7943301834352418,
182,0.7947233871598083,1.0103375030398833,0.6990183755515217,0.9909591293122916,0.7876598110061145,
183,0.7945755535560088,1.0109217306055447,0.7043180184738049,0.9921995781076293,0.783212896053363,
184,0.7930746528294723,1.0111670247576778,0.6274898543895915,0.9847457571914953,0.7926625903279599,
185,0.7917685760890603,1.0091633481274318,0.6302162496960116,0.9824645555039258,0.7982212340188994,
186,0.7903474659622142,1.0111293654895082,0.639672186588035,0.9857367048533908,0.7993329627570873,
187,0.7893053030274834,1.007675365980232,0.682226956056316,0.9868820894420511,0.7909949972206781,
188,0.7875060598983147,1.0090124396366036,0.6731442191191287,0.9870130486989299,0.7909949972206781,
189,0.7878338876027274,1.010804477965189,0.6521534180230336,0.9869320303814619,0.7887715397443024,
190,0.7868010296941996,1.008159983085221,0.661882265863848,0.9854055747116454,0.7859922178988327,
191,0.7843591581928895,1.0071881025482907,0.6687348955800098,0.9851910186648832,0.7843246247915509,
192,0.7841777683383456,1.007320011768691,0.6772344227695942,0.9863414244892996,0.7848804891606448,
193,0.7831150180331408,1.0064187678050305,0.6795496195803225,0.9850458099551834,0.7887715397443024,
194,0.7822541286401262,1.0059033447401333,0.6964786480770567,0.9865380669382295,0.7909949972206781,
195,0.7817671268312292,1.0071974664744303,0.7477282300931073,0.9931337993763897,0.7748749305169539,
196,0.780780561428061,1.0059044982672665,0.670218535036826,0.9836782696115898,0.7837687604224569,
197,0.7797553220097367,1.0050844083301487,0.7538515592429822,0.9922030386890286,0.7748749305169539,
198,0.7783057152401441,1.0058288404582407,0.7609016456625208,0.9932283886013062,0.7765425236242357,
199,0.777573584147213,1.0034339824207894,0.6596289523910853,0.9801913606517509,0.7959977765425236,
200,0.7764944918897392,1.0044076950302252,0.7665621390138618,0.9923951348839634,0.7682045580878266,0.7887715397443024
201,0.7751543936472726,1.0038594303693025,0.6684378284159602,0.9815685363396331,0.7954419121734296,
202,0.7733734116320271,1.0026134853564481,0.6743059566512646,0.9811795941321567,0.7943301834352418,
203,0.7732057466911327,1.0017591967325599,0.6767847507512854,0.9808713988239994,0.7987770983879934,
204,0.7719695739600703,1.0020423537164744,0.7001644386855544,0.9830093595834491,0.7876598110061145,
205,0.7725987100442174,1.0037965970678155,0.7138998255324138,0.9863342319083519,0.7965536409116175,
206,0.7705257246754407,1.0004979165942884,0.6887839435537104,0.9804583004012646,0.7865480822679266,
207,0.7682513436457837,1.000967605701084,0.692272481022443,0.9812983395723318,0.7904391328515842,
208,0.7681586423222367,1.0014564297873818,0.7258933864082476,0.9851575663780225,0.7732073374096721,
209,0.7676442488424547,1.0002552009145707,0.6887280314150223,0.9801625903279599,0.7982212340188994,
210,0.7656837379779061,0.9997061898537382,0.749598029721373,0.9861949943979295,0.7676486937187327,
211,0.7647334621769295,0.9992202156580045,0.7123294001224638,0.981966299636951,0.7854363535297387,
212,0.7640726308472785,0.9973205600333519,0.69053920472311,0.9780099051339286,0.7932184546970539,
213,0.7638907175850107,0.9981409213886187,0.7438924131027654,0.9843686216734991,0.7787659811006115,
214,0.7620127306715996,0.9960428590970678,0.7154393092733811,0.9790858745309894,0.792106725958866,
215,0.7615972612516377,0.9989018421692607,0.7170762999843663,0.9820102693770845,0.7954419121734296,
216,0.760762542244819,0.9968975548481795,0.7017153898433157,0.9782706701205531,0.7976653696498055,
217,0.7590042412309433,0.9954162903001668,0.7154226170572193,0.9784036650135491,0.8015564202334631,
218,0.7581569022823368,0.9951417508424819,0.7039981521852418,0.9769724092594845,0.7815453029460812,
219,0.7567581823747915,0.9965267298021471,0.8153853106326432,0.9903046723005836,0.7687604224569206,
220,0.756183131755449,0.994112668930656,0.7017016153722554,0.9757531310797666,0.7865480822679266,
221,0.7550316347628335,0.9933767186197193,0.7084111398693719,0.9759474664744302,0.7982212340188994,
222,0.7555135769637328,0.993032492552286,0.7643534059720678,0.9814354057375625,0.7843246247915509,
223,0.7539527751310148,0.9918151142996109,0.7150342855405781,0.9751097343576293,0.7887715397443024,
224,0.7531625457807289,1.0003943705704559,0.8919710983098249,1.00163244445699,0.7493051695386326,
225,0.7525191613752085,0.9939184692450667,0.6734089875234506,0.9727937232924542,0.8093385214007782,0.7965536409116175
226,0.7514289612427049,0.9927397002240829,0.7126684692450667,0.975802122055656,0.8037798777098388,
227,0.750519162305711,0.9924443294234644,0.7364970827977348,0.9780011518986242,0.7759866592551418,
228,0.7484899105600882,0.9906925288354641,0.7712049500156337,0.9799138355944275,0.7715397443023903,
229,0.747330271669545,0.9906242671709978,0.7456252144203377,0.9772592303884102,0.783212896053363,
230,0.7472858401694259,0.9866021216213868,0.7727959353503683,0.9763885209665092,0.7837687604224569,
231,0.7473181751354812,0.9902740020497499,0.7778334561952821,0.980290835403349,0.7754307948860478,
232,0.7459200949484873,0.9894119780086159,0.7156109133980684,0.9727810344939897,0.7926625903279599,
233,0.7449742390349571,0.9862784554787382,0.7382187559711992,0.9724001669764453,0.7887715397443024,
234,0.742633094442294,0.9866040215484296,0.6926203033803502,0.9679016825753891,0.8004446914952752,
235,0.742873222274744,0.9859499038094081,0.7379387202959978,0.9721826253300445,0.7987770983879934,
236,0.7420822368910791,0.9868911819500417,0.7633158422430865,0.975553231613049,0.7709838799332963,
237,0.740229082766347,0.9866749973943858,0.7491671534098805,0.9743003654373957,0.782657031684269,
238,0.7400939272607492,0.9848159187830045,0.7491896811162452,0.972498420346373,0.7776542523624236,
239,0.7389206797693842,0.9854802147026126,0.7113531768951501,0.9691392136256254,0.7932184546970539,
240,0.7383993656763638,0.9823099150135491,0.7413264937769247,0.969024878730371,0.7987770983879934,
241,0.7372344927085814,0.9864335030963383,0.7555493476193371,0.9741850127240829,0.7709838799332963,
242,0.7362617103754764,0.9835861910045511,0.6748961554162034,0.9631986167445455,0.8043357420789328,
243,0.7341648227206408,0.98083299315592,0.7891885737301974,0.9730739625312673,0.7754307948860478,
244,0.7336318773448666,0.9821498461601932,0.7104428404234991,0.9659818062986382,0.7904391328515842,
245,0.7329504004883278,0.9811768120961298,0.7187710349065453,0.9655735934025848,0.7993329627570873,
246,0.7327259167311815,0.9784316210828933,0.796267430473527,0.971507608393552,0.7715397443023903,
247,0.7318448470625893,0.9800373308522096,0.8201845263427598,0.9752907702629934,0.7698721511951084,
248,0.7319047481687708,0.9793237725385631,0.7340898752345053,0.9655763754386117,0.7915508615897721,
249,0.7307227190589268,0.9772768725680934,0.7644918292280434,0.9667169423551278,0.783212896053363,
250,0.7285737814137685,0.9763175451205531,0.7875139916055794,0.9686879809529599,0.782657031684269,0.7859922178988327
251,0.7284204811070748,0.9752918559355892,0.7930497004629308,0.9678726408334491,0.7954419121734296,
252,0.7280924789334207,0.9752045950006948,0.7377625699173151,0.9625248890442607,0.7809894385769872,
253,0.7262037912398761,0.9737291659428849,0.7854243432766468,0.9659383115402654,0.792106725958866,
254,0.7262831747446701,0.9730228002101862,0.7514233167732073,0.961519081238709,0.8004446914952752,
255,0.7269284201554311,0.9799834543496387,0.8310214387767509,0.9764259766710672,0.7648693718732629,
256,0.725923012074202,0.9739629926782241,0.752558726744893,0.962876375547179,0.7926625903279599,
257,0.7245195814971415,0.9737792425913702,0.7262967816321567,0.9598234642075458,0.7932184546970539,
258,0.7232143189465221,0.9726118052781059,0.7550617449147096,0.9616061386099917,0.7937743190661478,
259,0.7209586061256849,0.9703401032257504,0.7879294649371178,0.962797053593142,0.773763201778766,
260,0.7201483128126489,0.9734849574633477,0.9416476764435103,0.9820353755558644,0.7615341856586992,
261,0.7203926279068902,0.9721697329679683,0.8196436578263966,0.968172354324451,0.7715397443023903,
262,0.7195702380597904,0.9685135947922457,0.7790537521930586,0.9605511362649388,0.7798777098387993,
263,0.7178117625766735,0.9686412970313368,0.8004669477834908,0.9628412268968871,0.7887715397443024,
264,0.7174572992347547,0.9715760057670928,0.7904925343723944,0.9645134341127015,0.7882156753752084,
265,0.7173985031004347,0.9722318877240829,0.7743629001789188,0.9633622140338383,0.7965536409116175,
266,0.7161130137304966,0.9692364491774944,0.8075415975455114,0.9639396561457755,0.7854363535297387,
267,0.7146741658974511,0.9685790065661478,0.7282330787069206,0.9551373620110131,0.792106725958866,
268,0.7149167362992794,0.9679126750104224,0.9141655031875348,0.9742004835585742,0.7576431350750417,
269,0.7130242684388399,0.9643651040942884,0.8143151088712479,0.9602487764469845,0.7793218454697054,
270,0.711694812820093,0.9641246276142996,0.8579732609696359,0.9646644783126043,0.7693162868260145,
271,0.710888764925262,0.9638544308469983,0.7927023530867843,0.9576209059286409,0.7965536409116175,
272,0.7106851011642449,0.9633219084387159,0.8423916200189341,0.9623043617982212,0.7704280155642024,
273,0.7099236010823606,0.9620687708449138,0.9619131803910158,0.9734536765216787,0.7787659811006115,
274,0.709142618601864,0.9617350622307532,0.8320687735590954,0.959632996521505,0.7748749305169539,
275,0.7090769600107194,0.9619439863509242,0.7492930235764661,0.9513180336732212,0.792106725958866,0.7854363535297387
276,0.7079918194862137,0.9649386784976028,0.8067713128387298,0.9598324888609991,0.7804335742078933,
277,0.7084099641012089,0.9591314157822054,0.8241216501572054,0.9562532298759727,0.7732073374096721,
278,0.7082756809418176,0.9606656747238049,0.812303628969219,0.9570252788007226,0.783212896053363,
279,0.7056742863975405,0.9587018287069206,0.825508461189376,0.9562433231135353,0.7793218454697054,
280,0.7040801609397332,0.9594569139973597,0.8589644800496804,0.9605982273137854,0.7687604224569206,
281,0.7038817312559552,0.9608691704809964,0.8220252842290856,0.9581955660045511,0.77431906614786,
282,0.7042067674525071,0.9625754406745066,0.7767215238934825,0.9550724252188716,0.783212896053363,
283,0.7037698383158647,0.9590582685910576,0.77822728392944,0.9516222934182185,0.7909949972206781,
284,0.7010892928924488,0.9569536244093941,0.79981920837097,0.9517449065670164,0.7909949972206781,
285,0.7021951952566698,0.9579242157101168,0.7721172542688647,0.9503929727669886,0.7998888271261813,
286,0.7010672516116305,0.9562882428171902,0.8715957378665231,0.959072653752953,0.7720956086714842,
287,0.6994094448807467,0.9572124216144385,0.8232655973153488,0.9545519809182185,0.7876598110061145,
288,0.6993823439919307,0.9556124116262507,0.8432724397668844,0.9549550368694414,0.7854363535297387,
289,0.6986592852995474,0.9557587060085464,0.8260846819196429,0.95338366149597,0.7715397443023903,
290,0.6974017691646319,0.9566708066981656,0.8346319108489091,0.9552998736277099,0.7709838799332963,
291,0.6969738542721237,0.9552617393777794,0.845555066399736,0.9550614327838383,0.7698721511951084,
292,0.6961136045996605,0.9546042289118954,0.7604945862936006,0.9456283628708657,0.7887715397443024,
293,0.6961143024766258,0.9553148016259033,0.8519285073738883,0.9554743276429614,0.7748749305169539,
294,0.6949362280029181,0.9559139571897582,0.803849767883199,0.9512500434269039,0.782657031684269,
295,0.6955114530915019,0.9558363315991523,0.8198338540942884,0.9527706636065175,0.7732073374096721,
296,0.6936259058443008,0.9534145353104155,0.8733955116123541,0.956013906923117,0.7887715397443024,
297,0.6926998231114518,0.9525134949103669,0.8538025818380003,0.9532799797630628,0.7965536409116175,
298,0.6923517569750477,0.9520642300192815,0.8752336910262646,0.9549426873436632,0.7687604224569206,
299,0.6932111343013042,0.9583580776212479,0.9440073179761326,0.9675358787651126,0.7893274041133963,
300,0.692423521989638,0.952622469297179,0.8974278923403627,0.9578227053224013,0.7848804891606448,0.7909949972206781
