epoch,train_total,train_recon,train_ce,train_center,val_total,val_recon,val_ce,val_center,val_accuracy
1,1.0518945963851833,1.0181481741677585,1.3556127452804907,11.482021758873273,1.1462387415751807,1.1241850670077127,1.344721541264244,3.086638844496943,0.29405225125069484
2,1.0297150196149953,1.002989937544664,1.2702401766838376,23.235249672463077,1.1278432408195525,1.1204179188090606,1.194671953168427,27.510798099638688,0.5580878265703169
3,1.0220284864072178,1.0011710375476417,1.2097465729588495,36.837247647689374,1.1203989195386326,1.1202002414535854,1.1221878365585047,46.7799558782657,0.5669816564758199
4,1.016327529478323,1.0007337013161028,1.1566709361228562,42.18711291090996,1.1134191304196777,1.1199810712982907,1.0543619339303085,44.673420997776546,0.5919955530850473
5,1.009093453169664,1.000540505709564,1.0860699803105645,46.68326063006194,1.1039529474925305,1.1199239377779322,0.9602155277237354,44.07621421623124,0.5886603668704836
6,1.0008560624106717,1.0004537363402215,1.004475136039483,53.62265885540734,1.0932796323478322,1.1198599509493121,0.8540575113344219,47.041533490828236,0.6364647026125625
7,0.9941831954948785,1.0003499852980586,0.9386822035790853,62.672381193425444,1.0855233159046693,1.119691196715189,0.7780122529009171,52.821906267370764,0.6859366314619233
8,0.9905363231002858,1.0001767954978562,0.9037709665502918,70.54767151024298,1.0803193478798985,1.119488718776056,0.7277956205053154,52.31211784324625,0.7287381878821567
9,0.9868328063586828,1.0001075893654716,0.8673603990181337,74.20242526202954,1.0767826336897235,1.1194203214025154,0.6930431050019108,59.53975298777098,0.7342968315730961
10,0.983625480139352,0.9999236987851358,0.8369412215452299,75.51095015483564,1.073301424511013,1.119385579879447,0.6585439583405711,61.34381079766537,0.7531962201222901
11,0.9805836670736064,0.9998794999106717,0.8069206481322951,76.67054252024774,1.0729223890659743,1.119406546931455,0.6545648325675723,64.5354189827682,0.7309616453585325
12,0.9775025402721534,0.9997708637297522,0.777087803623005,78.58970045259647,1.0696050485947053,1.1193912796605754,0.621530054674472,71.45260387715398,0.754863813229572
13,0.9754201917207599,0.9996945625148881,0.7569501566966412,80.7925425797999,1.0686411070386326,1.119469651651091,0.6111859018899388,78.49943545025013,0.7670928293496387
14,0.9728307773977192,0.999639081296153,0.7315557515297463,82.79357729871367,1.0667237413797597,1.1194354529643205,0.5923185406823235,79.05654182879377,0.7843246247915509
15,0.9698476441534659,0.9995846468928656,0.7022150847501787,86.41201911624583,1.065046173655503,1.1194207285297388,0.5756764011690523,80.94754030016676,0.7959977765425236
16,0.9688721866253276,0.9995013669083492,0.6932101456422701,91.05673832777514,1.0631002412364507,1.1194885830669816,0.5556050969071359,89.52742843246249,0.8043357420789328
17,0.9669331936338733,0.9994149464774893,0.6745978832926394,92.78256759171033,1.063562330635075,1.1194630697609784,0.5604547624656927,95.0332563229572,0.8032240133407449
18,0.9653065587407694,0.9993566737508933,0.6588562796830336,97.72853144354454,1.0592082406892718,1.1193893118789953,0.5175784642726862,83.06606969149527,0.8176764869371873
19,0.9637128985342722,0.9992775810281682,0.6436315702790019,101.22346950929014,1.0592826771166273,1.119404307731726,0.5181875265989786,89.80529113396331,0.8187882156753752
20,0.9623479093467128,0.9992047691981301,0.6306361125275429,100.60398552882324,1.062198318727418,1.1195719762932532,0.545836147034811,113.96092447192885,0.8082267926625903
21,0.9616611402565209,0.9991363772555384,0.6243836583268818,105.48009468794665,1.0611228921666551,1.119543138114925,0.5353409839776438,112.87799645636464,0.8165647581989994
22,0.9604930105295677,0.9990983429609338,0.613045658367824,105.84573010957598,1.0613760574451083,1.119549245023277,0.5378179799324277,112.53144107837687,0.81100611450806
23,0.9590054276217842,0.998992033036565,0.5991264441400667,106.558740769414,1.059236468176765,1.1195696013844496,0.5162388799984367,117.4796501528627,0.8165647581989994
24,0.957929941061964,0.9988718818857194,0.589453171525131,109.56324440209623,1.0567829159645983,1.1195314671345191,0.49204602328984853,109.80023624235686,0.8260144524735964
25,0.9574009503223261,0.9987321901798476,0.5854188611020129,108.66155014292521,1.0553699809355892,1.1195339098978598,0.477895502384137,104.87677181767648,0.8271261812117843
26,0.9560644577775131,0.9986589130984993,0.5727163372067056,109.41953013339686,1.0539886661209352,1.11964342712097,0.46309656352053225,108.5100837270706,0.8349082823790995
27,0.954690803284302,0.9985551620563363,0.5599111090846832,111.37998749404478,1.0575429546362562,1.1197161671848943,0.4979842452621248,111.12903001667593,0.8215675375208449
28,0.9531694896565329,0.9983961624210934,0.5461297255575571,109.16315060743212,1.0546809181098875,1.1197147422396123,0.4693761616696776,108.8423255975542,0.8299055030572541
29,0.9523700715928716,0.998298808584445,0.5390126017969866,110.06465876607909,1.054234978091127,1.1198387124791551,0.46380147038068026,115.62317607003891,0.830461367426348
30,0.9511458209266317,0.9982005242451762,0.5276530839648345,108.31680264411625,1.054863243251459,1.1198463121873263,0.47001558890138617,108.60075041689828,0.831017231795442
31,0.949863762785106,0.9979770873034779,0.5168429116171391,107.59648195569319,1.0555613307306142,1.1199164737788354,0.4763653825693093,113.32851584213452,0.831017231795442
32,0.9487230828854514,0.9977527198591591,0.5074560011835993,108.19420706288709,1.0577206656692955,1.11994761901143,0.49767808559008475,116.01558157309617,0.8249027237354085
33,0.9472394546138042,0.9975332375535969,0.4945944194966353,108.78509111481658,1.057447347593281,1.1198734540022235,0.49561252562187325,109.38409359366315,0.8226792662590328
34,0.9454917962236482,0.9973137552480348,0.4790941068477549,110.61573963792281,1.0560463549628265,1.1201585109131809,0.47903688355510005,114.64440314063368,0.8210116731517509
35,0.9441396596035314,0.9968200072951405,0.470015919736705,107.89480853978085,1.0583760047899875,1.1203082658768762,0.5009859942806768,112.89419469149527,0.8160088938299055
36,0.9424163105943306,0.9965608623153883,0.455115810356122,109.04475345402572,1.0546730469835672,1.120297680569066,0.4640514125686145,118.81821498054475,0.8315730961645359
37,0.9414983116029955,0.9962633341025489,0.44861290555956707,110.1979216293473,1.052629336176348,1.1205416854849917,0.4414174799259137,111.96988778488048,0.8299055030572541
38,0.940379207732849,0.9960378035299547,0.4394511767601388,111.23007979990471,1.0526780557340885,1.1205127794521261,0.44216530478086785,112.97964146748194,0.8337965536409117
39,0.9378762138406682,0.9955995367957956,0.41836491149059074,108.58222665555026,1.0606648740402653,1.1207215678632225,0.5201546296336507,117.17341231239577,0.8137854363535297
40,0.9374948822355884,0.9950279755612792,0.41969733308643997,109.6768997141496,1.0696542431342064,1.121344336806038,0.6044432643786478,132.62421831573096,0.7915508615897721
41,0.9358587096906265,0.994318699938959,0.40971862298639233,110.5575943901858,1.0586142420702473,1.1213781962201224,0.4937384172304926,124.54096025569761,0.8254585881045025
42,0.9353724057586946,0.994121549696284,0.4066300812421838,112.85151411386374,1.0540671738205254,1.120748777532657,0.45393355466578655,107.14059025847693,0.831017231795442
43,0.9329277427495236,0.9931370779240114,0.3910440460394086,111.03707866841353,1.0541298714129377,1.1205222790873401,0.4565987112523451,113.11372637576432,0.8276820455808782
44,0.931576071380717,0.992491425418354,0.38333733255605346,110.44263637446403,1.058942929448652,1.1208094394889523,0.5021446783586367,111.85100229294052,0.8148971650917176
45,0.9309931696455157,0.9917723795185207,0.38397961198971237,110.34799309194855,1.056125473353252,1.1209215351844775,0.4729607811631462,110.44071359088383,0.8276820455808782
46,0.929007069958909,0.9906639182720939,0.3740956386876935,110.08050708670795,1.0623413560919261,1.1215175694396193,0.5297560805807914,119.78573165647582,0.8154530294608116
47,0.9276666227779597,0.9895438257429133,0.3707728719870325,108.39198725583611,1.0573041745196985,1.121911940010075,0.47583408154269735,111.25104224569205,0.8271261812117843
48,0.9249356557438065,0.9884778186785373,0.35305578223633277,106.74643431395903,1.0603277726992426,1.1213229626268066,0.5113709276420928,114.9320368954975,0.8171206225680934
49,0.923555080637357,0.9871067230675321,0.35159082217350524,107.07257176036208,1.0592193688333797,1.1215414542367288,0.4983208716213869,114.49739438576987,0.8237909949972206
50,0.9220057937745653,0.9857698234278228,0.348130457397868,106.97419902334445,1.058896313381566,1.1222748939297873,0.48848868132035156,110.41882643135075,0.8232351306281267
51,0.9197316453705634,0.9840646773761315,0.34073616016927705,106.13056068365889,1.062137656771123,1.1208122893795165,0.5340658954410437,106.06688611728738,0.8148971650917176
52,0.9187073364548595,0.9824414155550262,0.34510175860342723,104.13449857074798,1.056376670850125,1.1205855195160506,0.4784982542384658,103.20561770428016,0.8271261812117843
53,0.9170246969352965,0.9803873310207242,0.3467587511445182,107.30501875893283,1.0573642257851583,1.1213240482994025,0.48172521246612704,109.51991557809895,0.8265703168426903
54,0.9127580516391735,0.9776859656011792,0.32840647704263937,105.58088673177704,1.0573799680377989,1.1206491670719845,0.487956803530173,104.61860755975542,0.8243468593663146
55,0.9100331910284659,0.9754044313326287,0.3216915921178984,105.11122856121963,1.0559839966431004,1.1190929911148555,0.48800382672448234,104.82788180933852,0.8287937743190662
56,0.9065323493888459,0.9724282187016139,0.3134688276969688,102.1679371129109,1.0578166798394941,1.119665751263723,0.5011758512758825,104.60458066981657,0.8221234018899388
57,0.9041816089879109,0.9696807352459504,0.31468993791686517,102.786192829919,1.057951303241384,1.1182200424932254,0.5155327517566183,106.28034672040022,0.8154530294608116
58,0.9023698040733683,0.9668910883903049,0.3216795537402483,109.01611630538352,1.059782018656198,1.1162414720417593,0.5516481934950841,101.36125972762646,0.8132295719844358
59,0.8993782963055323,0.9638165332636077,0.3194333204148553,104.27743866126727,1.0574940993694413,1.1173563899431975,0.5187331110056802,106.1162885630906,0.8148971650917176
60,0.8948502960859338,0.9596042060579443,0.31206475739935685,103.90928716055265,1.0645929053467205,1.1155086430395358,0.6063513339659186,106.54829071706503,0.7971095052807116
61,0.8902921126875893,0.9558672493784243,0.30011690020731596,104.59033319437827,1.049393760422457,1.1131611474690801,0.47548714129377434,96.90154252362423,0.8282379099499723
62,0.8860675144786208,0.9515605343132146,0.2966308012185862,104.1286996784183,1.0596925863761117,1.1117209349160992,0.5914373138071498,106.24492773763201,0.7943301834352418
63,0.8830693187232015,0.9477525686524834,0.300920650923803,108.0872811457837,1.0474037225541968,1.110352919590745,0.4808608474434582,103.6399388549194,0.8260144524735964
64,0.8791878433554668,0.9439575718720223,0.2962613044437083,107.62424070986184,1.0481235234852695,1.1082674782431212,0.5068282360100229,96.64511534185658,0.8148971650917176
65,0.8746650190566937,0.9392955792751012,0.29298968630895666,106.20996605526442,1.0435334354589356,1.1046392961367426,0.4935826571402515,100.53488048916064,0.8243468593663146
66,0.8695655739154061,0.9348073580425202,0.2823900111008963,109.56177048594569,1.051671501528627,1.104708982746491,0.5743351883859088,113.1013757643135,0.7993329627570873
67,0.8654265819475048,0.9297564153503156,0.2864579940875864,110.89555294187709,1.04397041867878,1.1014470115776125,0.5266819307710012,97.63435415508616,0.8210116731517509
68,0.8622753185110469,0.9265150676289304,0.28411708212057823,109.56385481181515,1.0407676845209144,1.0990855379724846,0.5159073088021991,102.42861485547526,0.8187882156753752
69,0.8579241137893044,0.921763223372737,0.2833731452756521,111.45736809194855,1.0412886716578655,1.0964554961089494,0.5447876247980649,99.76559025847693,0.8065591995553085
70,0.8531740723819379,0.9170345253692235,0.278430838764367,111.73211201762744,1.0402366549124513,1.0967442850194553,0.5316684589311771,104.41889591439688,0.8126737076153419
71,0.84977866832048,0.9133253674554848,0.277858899513161,114.36650637208194,1.0362359513966093,1.0906799893169816,0.5462398136768691,101.81124930516954,0.8076709282934964
72,0.8461026014061755,0.9093336856836589,0.2770228719870325,115.00751101715102,1.0405736205443996,1.0902127429735269,0.5938226043548499,112.57229710950529,0.8015564202334631
73,0.8417989686308956,0.9053961475330514,0.2694250273102519,116.7071001071939,1.0329121647443025,1.0858066764521956,0.5568613218823826,101.6976618954975,0.8137854363535297
74,0.8378387494789186,0.9009620117652751,0.2697297378401918,116.8473901262506,1.029349394411826,1.0838494801799612,0.5388488939167593,101.69344080044469,0.8137854363535297
75,0.8335670445747976,0.896858378896945,0.26394474489340164,118.02111124344925,1.0245876344062674,1.0815519934034532,0.5119096926678015,103.15175097276264,0.820455808782657
76,0.8305280230169129,0.8933596308882206,0.26504337770590164,120.47533795855169,1.0269189805968593,1.08021668396505,0.5472411091556941,107.19440487770984,0.8060033351862146
77,0.825822994673803,0.8891331716740114,0.2560317506104097,120.5787577417818,1.029249648242079,1.0769511165056975,0.5999372481239578,106.05386673151752,0.802668148971651
78,0.8232470726387565,0.8860206404091234,0.2582850790182825,119.90794723677942,1.0225502340710118,1.0752913266701987,0.54788060424194,106.97396122846025,0.8154530294608116
79,0.821477431124196,0.8831238112829026,0.2666603586343199,124.05019503334921,1.016803226184686,1.0731437305664606,0.5097384492578342,103.5517822401334,0.8226792662590328
80,0.8186738848856598,0.8810445450214388,0.2573374784123392,123.12313155073845,1.015897368112493,1.0728814727800167,0.5030411046501528,104.24510144524736,0.8221234018899388
81,0.8135008137245414,0.8763398656168115,0.24795129493397153,122.5768595164364,1.0215132810328655,1.068709979393934,0.5967435386195455,107.41415369649805,0.8032240133407449
82,0.8112677819050739,0.8738701371933063,0.24784707864049846,121.3086439971415,1.0142014118086438,1.0679762682827265,0.5302274660510179,107.40673638132296,0.811561978877154
83,0.8085404787249881,0.8702582168033886,0.2530813303489013,125.31951226774655,1.0148011780633337,1.0649412705409256,0.5635412278739925,109.98268135075041,0.8182323513062812
84,0.8053619399304729,0.8677927919545021,0.2434838355411059,124.5181559671272,1.0125634032795998,1.0643786207181072,0.5462262427694206,109.11994510839355,0.8126737076153419
85,0.8029152414468199,0.8649979110216174,0.244170517396677,121.89658021676989,1.0105775045381113,1.0616353296319136,0.5510571465484296,102.23737145636464,0.8093385214007782
86,0.7994940159376489,0.8618391454077835,0.2383883741141615,125.69882979990471,1.0186348915630212,1.0597674977852278,0.6484423855266815,105.6793183713174,0.7965536409116175
87,0.7970602281778526,0.8592075676847606,0.23773346019961142,125.15881074321105,1.020139905199069,1.0600003745570457,0.6613957488318163,109.67428953585325,0.7943301834352418
88,0.7951533375267985,0.857830016711827,0.23106268691471385,124.4026322058123,1.0137590002258199,1.0582849440010076,0.6130259812308921,106.66172178988327,0.8065591995553085
89,0.7942812239459266,0.855661131416746,0.2418618095437932,125.22092365412101,1.013039470712896,1.0571217136690523,0.616300301925549,105.96617044191217,0.8082267926625903
90,0.791660870410761,0.8530067563795259,0.23954734420594628,126.43715757503573,1.0030214268343525,1.0548270767831087,0.5367710862045755,103.11718315730961,0.8254585881045025
91,0.7888868676304193,0.8510598541157992,0.22933022188765484,127.11436993806575,1.0077791155676765,1.054198336641016,0.5900070758711436,107.05021887159533,0.8087826570316843
92,0.7852839614846355,0.8478133304735886,0.22251950973212692,126.88242913292044,1.0047876804387854,1.0524319473275083,0.5759893462948166,108.10068093385215,0.8098943857698722
93,0.78528233310505,0.8467009145910255,0.23251607385120146,126.92052763220582,1.008496338026334,1.0530957682653557,0.607100651620692,109.0537625069483,0.8071150639244025
94,0.7817172867846296,0.8441966994141555,0.21940241318875803,128.80295676512625,1.0014858786565453,1.0525071980093108,0.5422947848088348,109.445890077821,0.8198999444135631
95,0.7805085057244521,0.8420903904202894,0.22627218318246783,125.99142448785136,1.0075228968350471,1.0495220733523833,0.6295305117426347,108.09503543635353,0.8054474708171206
96,0.7786662268490948,0.8407833250208433,0.21961211067770367,128.44486958075274,1.0095556152072331,1.0491872112110896,0.6528709118998401,106.32099430239022,0.8071150639244025
97,0.7771492749523583,0.838838807170081,0.22194406655699142,127.25867972844212,0.9989652183070455,1.0498923555621178,0.5406208812295894,102.13867947470817,0.8210116731517509
98,0.7743004830239102,0.836389607960636,0.21549723908241275,125.8274922582182,1.0037127288597831,1.0480203845886604,0.6049448451179474,108.31223943857698,0.8065591995553085
99,0.7732506434425619,0.8349102832636077,0.2183142194525295,127.48858087184374,1.0013655047074763,1.0464765581573097,0.5953667022043496,106.4911582823791,0.8182323513062812
100,0.7707442764783826,0.8324025205454979,0.21581977455317264,127.67633396855645,1.0036595309025849,1.0465560836749583,0.6175913023511326,109.33369232907171,0.8076709282934964
101,0.7690873420937053,0.8307382584526858,0.2142296037315016,128.3179787994283,1.0071737173863953,1.0437412739065106,0.6780654372872081,108.33405711506393,0.8032240133407449
102,0.7680454699410434,0.8292994687760541,0.21676096341449796,126.43776798475464,1.0046301900578447,1.045381657344358,0.6378678665882087,108.13286895497498,0.8037798777098388
103,0.7668927516637387,0.8277156370034838,0.21948785949968735,127.18505836112435,1.0044828778574904,1.0457695817337758,0.6329020679891606,111.24822818232352,0.802668148971651
104,0.7640079027587542,0.8261622791917282,0.20461786060233295,127.1224690328728,1.0015527832302669,1.041587706603495,0.6412384728712132,107.21060311284047,0.8054474708171206
105,0.7623499797150429,0.824428752810118,0.20364157434529837,127.80705097665555,0.9988690005732351,1.0413523192137992,0.6165192685172318,103.29617148415787,0.8143413007226237
106,0.7618616984650429,0.8237400064018581,0.20495795931005092,126.21626369699857,0.9947819182314828,1.0404353329974987,0.5839015924645636,99.41469219010561,0.8237909949972206
107,0.7599014783825632,0.8217567563795259,0.20320428173106986,125.12468735111958,1.0057631572661896,1.0409249713382436,0.6893071698903905,104.1597067815453,0.8071150639244025
108,0.757910202775131,0.8201619912011672,0.19764599702425262,125.33096117198666,0.9959062000590606,1.0402270874227002,0.5970185530589911,106.70489681767648,0.8160088938299055
109,0.7557733616640364,0.8187460569951465,0.18901987425652841,125.81217246307766,0.9994005051634589,1.0389922705539536,0.6430756344670651,105.00556732907171,0.8187882156753752
110,0.7550609455953728,0.8170854005999881,0.1968401817550768,126.60540733682706,0.9984930864369094,1.040183728373402,0.6232773090084769,105.98320247359645,0.8187882156753752
111,0.7551002011746665,0.8169243073338495,0.1986840308536059,126.74918115769414,1.006351863231309,1.0392674885570108,0.710110963881844,110.19279808226793,0.8010005558643691
112,0.7534500129339864,0.8148984286602251,0.20041408238949351,127.36137744163888,0.9963837602921762,1.037672567659116,0.6247853082441635,102.89628786826015,0.8176764869371873
113,0.7521432383166091,0.814312968042818,0.19261490020824648,125.85956110052406,1.000895544182532,1.0395870155728877,0.6526718945421067,103.472180725403,0.8087826570316843
114,0.7519123573539483,0.8131217502195986,0.20102793787592305,124.93705335874226,1.0091546627466648,1.0372412842204002,0.7563745266467482,103.28765112562535,0.7993329627570873
115,0.7488462349072474,0.810506688918086,0.1939024832090802,125.62706943782754,0.9965282226019664,1.0368395175053848,0.6337270434529599,99.538745483602,0.8137854363535297
116,0.7477359708119938,0.8098678407128395,0.18854998497238268,124.59463583849453,0.9997261390876876,1.0366070478607907,0.6677980279842969,102.8150882434686,0.81100611450806
117,0.745831522730318,0.8083215198271498,0.1834220722665555,123.93266138637446,1.0031139804231517,1.0418476573356725,0.6545114310467621,103.70377640355753,0.8065591995553085
118,0.745272174342693,0.8074080570360886,0.18604847406875297,124.65330961171986,0.9973995427147027,1.034295583049611,0.6653354511186771,100.11909394107838,0.8048916064480267
119,0.7424902622900786,0.8050320185951644,0.179615284273203,123.89387803716055,0.9931734264261395,1.0357359313116663,0.6101116967108463,101.97656684269039,0.8187882156753752
120,0.7431238182616722,0.805253652688036,0.18395455239101954,123.6297269533111,1.0016794676512992,1.0386076031823235,0.6693266549993052,99.92821532795998,0.7998888271261813
121,0.74208101560639,0.8039890414706408,0.1849087973672359,123.33345491900906,0.9989450655094845,1.0333199705131324,0.6895711240402654,100.17331677320733,0.8082267926625903
122,0.7396442618694914,0.80241939986303,0.17466854333536802,122.25094539066222,1.0002941494189481,1.0317138536165926,0.7175169473492218,101.08938993885492,0.8126737076153419
123,0.7389359167497915,0.8013184407939793,0.17749357836879168,123.03478590995712,0.9986176673672874,1.032662867174472,0.6922110726662382,101.390625,0.8143413007226237
124,0.7377799417133158,0.7999974760116424,0.1778219585591353,123.39104930919486,0.9915306680794886,1.0323406938316426,0.6242398934738049,100.00165890772651,0.8176764869371873
125,0.7386140209995832,0.801304948505985,0.17439683657024177,123.45072802525011,0.9966922270184825,1.0337803635483254,0.6628991339589703,98.0502536131184,0.8104502501389661
126,0.7372072755069379,0.7994433035448428,0.17708306678310357,123.6417118270605,1.0149927992765078,1.031996671327821,0.8619578151056142,104.70311631461924,0.7893274041133963
127,0.7357784305770605,0.7976746506893163,0.1787114172904136,122.32362881133874,0.9989536830357143,1.031076020966509,0.7098517595495761,100.70408907726515,0.81100611450806
128,0.7347047468660671,0.797395674372469,0.17048775144507056,123.90672641734159,1.0078445273415786,1.0316540059147443,0.7935582023650292,107.49235686492496,0.792106725958866
129,0.7342040201435207,0.795956186818872,0.1784345200653585,122.53183807765603,1.0039230779252362,1.0347195381983045,0.7267550033221581,102.96531058921623,0.802668148971651
130,0.732631121776739,0.7944786649706705,0.17600233160694082,122.25083373034778,1.0113315720104918,1.0321376730562117,0.8240772732898485,107.83405711506393,0.7943301834352418
131,0.7313377231345284,0.7935948037942174,0.17102286314725762,123.81934105526442,0.9939697672752223,1.0309061132052528,0.6615431967412452,100.89541064480267,0.8165647581989994
132,0.7311244635652394,0.7932114948710696,0.17234073110056128,120.48138250357313,1.002645580552564,1.0304139642466301,0.7527301951605059,102.19583796553641,0.802668148971651
133,0.7282549679534898,0.7906805859002799,0.16642429011955098,122.74295051214864,0.9894808503639174,1.0286925624913146,0.6365753055082685,95.5326744024458,0.8221234018899388
134,0.728864737951852,0.7907024527118568,0.1723258866759469,120.91743091948547,1.0001724862336714,1.0298498894785297,0.7330754499027238,103.9063021122846,0.8065591995553085
135,0.7265324331340817,0.7895168179043592,0.1596736680785493,121.12678656503097,0.9908534797978044,1.0285199405485685,0.6518560115862979,98.82267058087827,0.8182323513062812
136,0.7273447037651858,0.789735137081646,0.16583112377731957,120.4802807884707,0.9969177755002779,1.033121835264383,0.6710807626415717,101.74227001111728,0.8187882156753752
137,0.7253681417304371,0.7883164113677644,0.1588346745753186,119.8800023820867,0.9992644568162868,1.0321445942190106,0.7033432201917732,99.18331364647027,0.8065591995553085
138,0.7250318813460279,0.7872366793897392,0.16518864079621248,120.37234248451644,0.9966794703654808,1.0282287088747222,0.7127361880732351,98.777185241801,0.8121178432462479
139,0.7233868108697594,0.7860046357640543,0.1598263577428984,120.7057155192949,0.990883267939654,1.0312361576744025,0.6277079388722901,93.85052459699833,0.8293496386881601
140,0.7248656121590639,0.7864975695271558,0.170179202591822,120.37596772272511,0.9906021465918566,1.0280637544946845,0.6534482183027029,94.4244892996109,0.8198999444135631
141,0.7215719818217008,0.7846484863513876,0.1538840226186577,120.33197355883755,0.9923863137941218,1.0281692683000974,0.6703403339311771,99.54778696498055,0.8226792662590328
142,0.7200015260242972,0.7828413921063602,0.15444337100628275,122.28250059552168,0.9972031716839216,1.0267988780659394,0.7308409321367774,96.28418565869927,0.8060033351862146
143,0.7207310400786089,0.7828230146796094,0.16190177114195003,119.1212035493092,1.0019554320542663,1.0274234790812604,0.7727431445203933,103.81037208171206,0.8037798777098388
144,0.7196722444095403,0.7823750358243509,0.15534723798907218,120.70521676989043,1.0013676760526682,1.0264773154139453,0.7753810575102488,98.38276473040578,0.8065591995553085
145,0.7187048706229157,0.7812029514612613,0.1562224193207703,119.5576167222487,0.9944782691773207,1.026894010127154,0.7027373470287313,95.91887854363536,0.8182323513062812
146,0.7192702091211589,0.7807874238848856,0.16561566880341086,119.72816668651738,0.9981546280051418,1.0263141252518762,0.7447196956208311,101.69592481934409,0.8187882156753752
147,0.718879863271945,0.7801577643930145,0.16737777906238835,120.24623332539305,0.9938816920858811,1.0287277111416064,0.680269352656858,93.50017370761535,0.8148971650917176
148,0.7153909436971474,0.7781783526939912,0.15030458258582957,117.82799100762267,1.00009106078898,1.0282610076344496,0.7465609284889174,99.8288111450806,0.811561978877154
149,0.7156847498995057,0.777426390263965,0.1600108444264754,118.56034867794187,0.9929725769959005,1.026471954905503,0.6914787865003127,93.31184859644247,0.8126737076153419
150,0.7134551493084504,0.776263959865561,0.14817672664066223,116.91203400428776,1.0009209217794608,1.0263431669938161,0.7721216648137854,98.8261707893274,0.8126737076153419
151,0.7130591041306872,0.7760093510860827,0.14650757940909362,114.71825125059553,0.9948688398936909,1.024206224052425,0.7308319753378613,93.90903800722624,0.8121178432462479
152,0.7129766383359636,0.7754389529798416,0.15081614094044038,118.35199053120533,0.9965969592481935,1.024917950293566,0.7417076327126181,95.27226931628682,0.8126737076153419
153,0.712448054691222,0.7746705322847189,0.1524455237240948,116.40799190090519,0.990387997672318,1.0276125896765564,0.6553671446159325,96.7493399110617,0.8254585881045025
154,0.7123185403577597,0.7743923120012506,0.1536543774797895,117.0806559671272,1.0048380285054197,1.0291978073756254,0.7856005615098666,97.33471720400222,0.8065591995553085
155,0.7120537542058718,0.7737050776597487,0.1571919448947043,117.10965042877561,0.9928226184685937,1.0244855133277169,0.70785670044556,96.39671345191773,0.8165647581989994
156,0.7098281082509529,0.7721439850449618,0.1489844029150786,115.25419842782277,0.9956995151386187,1.0243275479650154,0.7380480339554961,89.51674541411896,0.8171206225680934
157,0.7079418049703728,0.770618833093884,0.1438482610767032,115.62257324916627,0.995217205087896,1.0278810900804267,0.7012427829914188,93.64704349638689,0.8182323513062812
158,0.7094834733429609,0.7710418628476358,0.1554590000772317,115.85761076703191,1.0046455930377989,1.0248431745935243,0.8228674947453446,100.52963451917732,0.802668148971651
159,0.7081090046599571,0.77048821378856,0.14669709662246158,117.98636999761791,0.9953394111094706,1.023710139530642,0.7400035338642996,94.93977556976098,0.8098943857698722
160,0.7067550651910136,0.769852738655312,0.1388760040123273,114.65594479514054,1.0073946517596581,1.0269768605171277,0.8311550443605823,93.46408595052807,0.8065591995553085
161,0.7055783283148226,0.7684426200906682,0.13980063283483207,114.02762476179133,0.9884022346399041,1.0224156106691218,0.6822815789587966,89.52141814897165,0.8249027237354085
162,0.7056450918778288,0.7683068248645188,0.14169044003934164,113.68904835636017,0.9968491067085881,1.0280725077299888,0.7158395153340398,92.70822331851028,0.8198999444135631
163,0.7056920822601537,0.7678362231643044,0.14639602086838227,114.10039006669842,1.011399765820421,1.0224185962687604,0.9122300882217551,101.37939480266814,0.7926625903279599
164,0.7048834754831169,0.7674468659741246,0.14181413873142718,114.26444884468795,1.0107026961593246,1.0248099937248123,0.8837371537790092,96.51552946081156,0.7926625903279599
165,0.7032111296487911,0.765736544001608,0.1404816299009573,115.0805964149595,0.9970475133754864,1.0236962972050445,0.7572082553458519,96.14271817676487,0.8132295719844358
166,0.7021251749344927,0.7650273265357015,0.13600608676657783,113.27078370652691,0.9978992913814967,1.0216109915664953,0.7844939897165092,92.251528627015,0.8132295719844358
167,0.7003038323680919,0.7632794355198904,0.13352446535645696,112.51205931395903,0.9978009701570317,1.022788064224048,0.7729172592629586,94.50098144802668,0.8132295719844358
168,0.7004569000491305,0.7630126720499345,0.13745407969568843,113.4238923296808,1.006892663893135,1.0221819196428572,0.869288955018413,95.55947748749306,0.802112284602557
169,0.7000484093988208,0.7627493398083909,0.13573999209538024,111.8337229037637,0.9964166018882018,1.0224195462322818,0.7623901027914813,92.95614751250694,0.8137854363535297
170,0.6986423617831408,0.7616196514709386,0.13184707445323665,112.31844777274893,0.9955443996664813,1.0212981821498055,0.7637602894620276,92.87123054474708,0.81100611450806
171,0.6988153189576882,0.76093107953192,0.1397731248511196,113.59511225583611,0.99412807191061,1.0215473440105614,0.7473544873019733,90.19840883824347,0.8198999444135631
172,0.6988813846437292,0.7607388725844152,0.14216442935065804,113.43702358265841,1.0196183073712826,1.0227003961619303,0.9918797118190662,98.25026056142302,0.7893274041133963
173,0.6975737958365591,0.7599254969814495,0.13640835468061427,110.41735647927585,1.0108355553432462,1.024895897568962,0.8842920681845817,100.97336193718732,0.8004446914952752
174,0.6966673118151501,0.7590534997134052,0.13519131540968168,112.68031651977132,0.9944544522347485,1.0224495379377432,0.7424990880350194,88.86843385214007,0.8126737076153419
175,0.6948563210904002,0.7582265736660314,0.12452457131744284,110.8907441043354,0.9905009076222901,1.0213971140651057,0.7124352532005628,90.41675931072818,0.8226792662590328
176,0.6946439920237315,0.7575462017813542,0.12852458399554104,112.26227519056694,0.9931367171214911,1.0195187647651474,0.7556984918921971,93.0895810172318,0.8237909949972206
177,0.6959258756960159,0.7583856896141019,0.13378781213710397,111.22113208670795,1.0082140631514036,1.0231048770584352,0.874195788024597,98.67951813507504,0.8082267926625903
178,0.6939225617109338,0.7557009569288947,0.13791706290569913,111.1349079919009,1.0077989969470886,1.0244412721694345,0.8580188592186632,97.46037729294052,0.8126737076153419
179,0.6942087494230884,0.7560055220678001,0.13803802824633754,111.41816043353978,0.9947220026750972,1.0258227226931629,0.714815793930656,88.88222623679822,0.8265703168426903
180,0.6951106972442235,0.7562938034108504,0.14446274174458076,112.04944318723201,1.0181064404269733,1.0190537576214216,1.0095809249496248,98.91502223457476,0.7815453029460812
181,0.6942715001935446,0.7557595785939734,0.14087821302554787,111.9933152691758,0.9964273229050862,1.0273639706520983,0.7179979003091995,93.350350889383,0.8282379099499723
182,0.6913042436502501,0.7534534441623988,0.13196183159670527,112.37862523820867,0.9938314797283213,1.0212865111693996,0.7467361289040787,91.9660575319622,0.8193440800444691
183,0.6896587660790853,0.7522870009714447,0.12600485559529837,110.70355675321582,0.9966167727730684,1.0185614729537242,0.799114471147165,90.0515216787104,0.8121178432462479
184,0.6892460300105705,0.7517696415145605,0.12653300306693663,109.12498511195807,0.9961337841769733,1.025351540786548,0.7331753317815453,91.08233740967204,0.8243468593663146
185,0.6888843552733445,0.7514930496106778,0.12540702220086203,109.40857997856122,0.9924487399683852,1.020491052429301,0.7400676564019941,87.10175792106726,0.8210116731517509
186,0.6883421048713673,0.7504790343802108,0.12910941943150012,108.98031800857551,0.9966106658647165,1.02089444765321,0.7780565619137368,89.8100159811006,0.8121178432462479
187,0.6883226224727549,0.7515350385414186,0.11941036898616157,108.81154716531682,0.9941917873210812,1.0169594273294191,0.7892830951005767,89.1223075319622,0.8193440800444691
188,0.6868834838576405,0.7493819136344688,0.12439813927391019,109.96475256074321,1.016051533621109,1.0164013916151333,1.0129032866566496,98.03977904391328,0.7893274041133963
189,0.6877165744848738,0.7498782786259827,0.12826037940779092,109.93001131491187,0.9950129629307949,1.0164514682636188,0.8020665506444552,91.42412451361868,0.8143413007226237
190,0.6860487648508218,0.7482098292713792,0.12659912690939137,109.20038560028586,0.9890269035097624,1.0216144521478947,0.695739033621109,86.46062916898276,0.830461367426348
191,0.685821140647332,0.7479172443537101,0.1269570650970328,108.39034957122439,1.0002114347380489,1.017911901468698,0.8409073020167455,85.52338973040578,0.8132295719844358
192,0.6841808389969927,0.7467085796063602,0.12143148610340862,106.63139441400666,0.994181948413181,1.0170891652046277,0.7880169972901612,90.39904113396331,0.8260144524735964
193,0.6840113130508576,0.7458639740092008,0.12733716087832003,108.58646230347784,1.005604377649041,1.0186533479971511,0.8881632373888271,90.5102661200667,0.8126737076153419
194,0.6832301561011196,0.7454050035917401,0.12365668861567264,107.61097546450691,0.9934732756262159,1.0199387843506809,0.7552843077968663,88.36055621178433,0.8198999444135631
195,0.6816904068901858,0.744672872498809,0.11484770027440522,107.67926691281562,0.9989895102313785,1.0161671577525708,0.8443917003587063,92.35081121456365,0.8148971650917176
196,0.6809714773031801,0.7438150653957242,0.11537860290614578,107.65721027870414,0.991238893569344,1.017090658004447,0.7585737600533282,89.550305725403,0.8210116731517509
197,0.680935594795885,0.7434763042855229,0.11807032163055696,106.5529046569795,1.0026658690591996,1.017509727626459,0.8690723633355336,91.30531719010561,0.8121178432462479
198,0.6828574316452776,0.7442233234203788,0.13056465283412488,107.25420587184374,1.001589967516676,1.0158460022278002,0.8732848408621109,91.57564966648138,0.8143413007226237
199,0.6803674647897808,0.7426442023173238,0.11987752491886017,107.55234635540734,0.9928812447887715,1.0210505130888687,0.7393581693605823,87.52084491384102,0.8271261812117843
200,0.6795603700795021,0.7410821791999166,0.125864160691289,107.92748034778467,0.9929103543852488,1.0154719880185172,0.7898557195403697,91.17293461645359,0.8198999444135631
201,0.6798540599690329,0.7419533622781682,0.12095961950119477,106.92968377798952,1.0050869189480267,1.0177181767648693,0.891405462887368,91.53986589772096,0.8071150639244025
202,0.6800271916128215,0.7414603122022392,0.12713031305364905,106.47987881133874,1.002312889756462,1.0184172142075458,0.8573742411148555,92.23492217898833,0.8104502501389661
203,0.6782859885845939,0.739753130676066,0.12508232040368925,106.54004138875655,0.9964977559147443,1.0172775294000138,0.8094802016745414,91.23468767370761,0.8193440800444691
204,0.6808630155915019,0.7408074483012744,0.14136220524003246,108.6586618627918,1.0002752858575945,1.0184765190730962,0.8364637797908561,93.26375764313508,0.8176764869371873
205,0.676282849068753,0.7389349862471712,0.11241320736809195,107.47897064078133,0.9929708127779322,1.0135832569743608,0.8074589507191495,89.1827230405781,0.8232351306281267
206,0.6750882000171212,0.7377392903800917,0.11122752167373229,105.35700780133396,1.0015290341422318,1.0152427075371735,0.8781061092968315,93.29988882712618,0.8132295719844358
207,0.6747540332636077,0.7374727595357908,0.11028527145785567,105.73504496188662,1.006779211106865,1.0229117630454418,0.8615861758051347,91.8493954974986,0.8098943857698722
208,0.6745016925842663,0.736689799737226,0.11480946243235246,106.16620265602668,0.9949772714442051,1.0137120448860477,0.8263652604311423,87.76660644802668,0.8193440800444691
209,0.6730395240292997,0.7353000359174011,0.11269498973190359,105.86888101476893,1.022622431298638,1.0116623628795511,1.1212633863431072,89.76481725958865,0.7865480822679266
210,0.6734110272004526,0.7355239381104097,0.11439449461145933,105.84535790852787,0.9892202210863674,1.0128745841873958,0.7763308174680378,86.52852279043913,0.8260144524735964
211,0.6720024207025667,0.7341673234464329,0.11251812153853025,105.83551691281562,0.9942265288441495,1.016151822627154,0.7968988169425723,88.46638757643134,0.8182323513062812
212,0.6728782562939197,0.7353237637342187,0.11086831858409138,104.37360052405907,0.994975846498923,1.0143589700441218,0.8205282774284325,87.64293531128405,0.8182323513062812
213,0.6704875624367258,0.7332762508746724,0.10538967908593005,104.42321492377323,0.9912390292784186,1.0121015174445873,0.8034764322192884,87.0749027237354,0.8226792662590328
214,0.6697765421219927,0.732204602638161,0.10792423010213197,103.6064494997618,1.0048678845018066,1.0181705629646678,0.8851438461905919,90.65786548082268,0.8165647581989994
215,0.6715492077700691,0.7326228635659838,0.12188640738056068,103.94644771319676,1.0015035208362284,1.01359533508199,0.8926778033152099,90.68852487493052,0.8221234018899388
216,0.6695764840586291,0.7314349606583492,0.11285060902559627,104.9867868627918,0.991110105657657,1.0109024599169678,0.8129795958692329,87.25030398832685,0.831017231795442
217,0.6692898892515782,0.7317358037867735,0.10727697102554416,104.22676721057647,0.9926072481673847,1.0130964685241801,0.8082049435015981,87.19992009449695,0.8187882156753752
218,0.6681328673996546,0.7300857900153347,0.1105573126223611,103.84930323963792,1.003328807888063,1.0177377188715953,0.8736489483089563,88.60741210394664,0.8165647581989994
219,0.6667987011113923,0.7291021905892687,0.10606782648778064,103.77989518818485,1.0075054582189757,1.0136829352895707,0.9519085038563091,88.91017579210673,0.8104502501389661
220,0.6672841326971177,0.7291648832033111,0.1103583668004109,103.85710457360648,0.9945704156388966,1.0098021307410368,0.8574848440105615,88.21636152028906,0.8237909949972206
221,0.6662517400399,0.7286219349243688,0.10492098200826659,103.52396230347784,0.9905607553241385,1.0122712216422318,0.7951670334430586,88.22903349082824,0.8282379099499723
222,0.6661490358131849,0.7281271401560266,0.10834602403209118,102.51496992615532,0.9973964892605267,1.0145820757625765,0.8427259393239299,87.83829558087827,0.8193440800444691
223,0.6663145489667699,0.7285419698554371,0.1062680081335234,102.87694288947118,0.995430336189376,1.0171699121039466,0.7997748315036132,88.30789674819344,0.8171206225680934
224,0.6655832902200453,0.7277395858146737,0.10617737136266525,102.48631044545021,0.9982285215961992,1.0106559443831642,0.8863816486589772,89.8946637020567,0.8148971650917176
225,0.6641894554512565,0.7264040237724809,0.104257090197341,102.69149743925679,1.0091731191807949,1.0104576734253405,0.9976122666889592,90.31136221511952,0.8087826570316843
226,0.6647998651701703,0.7264026861749643,0.11037459243985231,103.7057378513578,0.9869247020914397,1.0095130704123818,0.783629658621109,84.65939410783768,0.8271261812117843
227,0.6629224016644831,0.7249500552718556,0.1046735628154404,104.3884885659838,0.9924728961836436,1.0121644186006113,0.8152493979945455,88.0450250138966,0.8221234018899388
228,0.6617450832241544,0.7238374067636374,0.1029145275768409,102.73195569318723,0.9972863613465814,1.008455218176765,0.8967680748202126,87.32035158421345,0.8132295719844358
229,0.6619627626808897,0.7237237109747201,0.10611381367196805,102.07354692710814,0.9900947303623541,1.005061609205635,0.8553920743729155,86.48117009449695,0.8265703168426903
230,0.6610615708931337,0.7224880034949679,0.10822267427848827,103.558346236303,0.9898389187569483,1.0070199590050029,0.835209827942607,88.63734192607004,0.8287937743190662
231,0.6608511028317056,0.7229090559306515,0.10232911784629585,103.46409004287756,0.995268028136291,1.0084829706824971,0.8763338844931212,90.29412173429684,0.8193440800444691
232,0.6597867241469152,0.7211483705038113,0.10753214683005673,103.38733474273464,1.0165387970530504,1.0066118818180239,1.1058812377318996,96.25449902723736,0.7915508615897721
233,0.6613177498957837,0.7228717776694259,0.10733171801955545,102.7057155192949,1.0082171844601167,1.0044081021574487,1.0424987216205184,95.00706989994441,0.8048916064480267
234,0.6604939642947535,0.7216607866655252,0.1099932244870139,101.7464194259171,1.0087737273745832,1.0101135830669816,0.9967154332702196,91.98739751250694,0.8043357420789328
235,0.65929774501995,0.721029149855586,0.10371493429953624,102.13982848975702,1.0036454171588383,1.0053396092447193,0.9883987062039675,89.85733393551973,0.811561978877154
236,0.6586965821708254,0.7201162686286624,0.10591981841473991,102.04788738685089,1.0040552585637854,1.004542589850264,0.9996691412764036,94.05319795719845,0.8104502501389661
237,0.656987190700929,0.718999432858653,0.09887823983565462,103.46918919723677,0.9976592220287313,1.0051718728286547,0.9300457719566426,86.37081364647027,0.8148971650917176
238,0.6559865514456289,0.7179804161766019,0.0980423140832502,101.8319437827537,0.9874726953342134,1.007826749452821,0.8042864796848944,88.16938229571984,0.8299055030572541
239,0.6561320587928776,0.7181522683792878,0.09795048510590981,101.69789185326346,0.9872364258355336,1.005888145323791,0.8193709504412173,87.2192537520845,0.8243468593663146
240,0.6559402589402692,0.7177147576785077,0.09996930504481301,100.46211737732253,0.9977295193293149,1.009464486563716,0.8921146785106309,88.89115480822679,0.8171206225680934
241,0.6553218817926691,0.716675560720879,0.10313895317757339,101.81713018103859,1.0027217133433504,1.0078827973005837,0.9562735862371456,89.51517336020011,0.8143413007226237
242,0.6545731179654002,0.7160183932452954,0.10156627289734323,101.06963137208194,0.9870063989542801,1.0018533109757157,0.8533850728703446,87.44659359366315,0.820455808782657
243,0.6543050168979276,0.7154571256960159,0.10393501997789126,101.19116990233445,0.9956436029999305,1.0039538838851445,0.9208516178693024,88.99622185936632,0.8121178432462479
244,0.6541407250290316,0.7155046976424786,0.1018643245179066,101.56537339209147,0.9904608734453169,1.0051394383598526,0.8583540606326432,86.2336367426348,0.8271261812117843
245,0.6541118212913888,0.7145216797805503,0.11042330570593512,102.5939286565031,0.9905688978686076,1.0024532807940174,0.8836099943762159,89.48334143968872,0.8249027237354085
246,0.6539211845670557,0.7152701528257503,0.1017806447080455,102.04138131252978,0.9944709408872985,1.0053644440053502,0.8964294806793704,90.31842342968315,0.8187882156753752
247,0.6501360743769354,0.7123055133210755,0.09061161820919188,100.79072623868508,1.000876273493955,1.0037216856586992,0.975267767574868,85.70372429127293,0.8121178432462479
248,0.6518227266890484,0.7131477345052704,0.09989743825649863,100.92482283230109,0.991809007391259,1.0015979743520707,0.9037078976167315,89.81872741801,0.8148971650917176
249,0.6505544516175857,0.7116314804854991,0.10086126450188333,101.95217960933778,0.986965279104711,1.0000031891632504,0.869624156432393,86.17119754030017,0.8260144524735964
250,0.6518227848454621,0.7123286595737554,0.10726991229082301,101.85159599809433,0.9930276748801418,1.0047155510656962,0.8878368570646887,89.85346025569761,0.8243468593663146
251,0.6510224944355943,0.711721913708909,0.1047269067859695,101.24857819199619,1.0011856901837826,0.9987663366583867,1.0229594647851237,89.4811006114508,0.8121178432462479
252,0.6511449136865769,0.7110080437299011,0.11237732486079681,103.20264858265841,0.983188088434547,0.9995730592516676,0.8357236224986103,87.9647112979433,0.8265703168426903
253,0.6494199944542044,0.711146746776739,0.09387878737829025,100.91631431634111,0.992668249396366,1.0026862254203723,0.9025065330348457,85.56168357420789,0.8287937743190662
254,0.6499699796592128,0.7107359298698785,0.10307637687635854,101.15214834444974,0.9995548742356865,1.0022306500573235,0.9754734346772512,92.75436006114508,0.8132295719844358
255,0.6487111259267806,0.7100148484955634,0.09697784089428746,101.0223097308242,1.0031758637611172,1.0012433665404392,1.020568135183609,90.75191946914953,0.8132295719844358
256,0.6479880090779836,0.7089099347903763,0.09969102660493091,101.17737613149119,0.9931437061388271,0.9973941143517232,0.9548906429135978,91.2827265147304,0.8226792662590328
257,0.645798420099601,0.7075073765595223,0.0904167142579986,100.07036088613626,0.986031193545025,1.003611829162903,0.8278057444022721,87.94679335742079,0.8254585881045025
258,0.6463595131796391,0.7080267133344748,0.09135529335025608,100.56056455454979,0.9867785434182185,0.9953879271035992,0.9092946330860895,89.00228425514175,0.8187882156753752
259,0.6458261607089686,0.706995076710636,0.09530573495516838,99.47690120295378,0.9940617780277238,1.0028189488952195,0.9152470366566495,89.41538702056698,0.8193440800444691
260,0.6459623630300143,0.7069183684008754,0.09735715883354053,99.07983712482134,0.9924252622984991,0.9986795507052529,0.9361361238014174,86.3180412729294,0.8121178432462479
261,0.6455720171808004,0.7064019976030252,0.09810107386981151,99.25249374702238,0.9844675535887993,0.9967804379168983,0.873652748163042,88.87343663146193,0.8237909949972206
262,0.6458619850598499,0.7071942042713792,0.09387138697463822,99.25455574082896,1.0070220624956574,0.9998098037321081,1.0719332734765843,88.8872724430239,0.8093385214007782
263,0.6466033048661565,0.7061049927979097,0.11108759734220537,100.79610826584087,1.0039887611172873,0.9980255686753057,1.0576586466222555,95.98488743746526,0.8071150639244025
264,0.6436821082025667,0.704776235056128,0.09383456669517107,100.96982938303954,0.9846389541498749,0.994113822457789,0.8993654107967969,90.25507226236799,0.8193440800444691
265,0.6431151994811517,0.7046627718928656,0.08918694600200244,99.05256967603621,0.9858045593906337,0.9982378176678015,0.8739056420233463,90.07773415786548,0.8293496386881601
266,0.6433147341367913,0.7040063022942472,0.09709134767486005,98.90321283944735,0.9994947551156893,0.9936429798238605,1.0521602577603877,89.699060241801,0.81100611450806
267,0.641831396647213,0.7026498620995116,0.0944666106000067,99.27713345640781,0.9852594838929614,0.99501160584005,0.8974900470964772,92.28428119788772,0.8265703168426903
268,0.6427831845149476,0.7034041507860886,0.09719504056060922,100.22850166746069,0.9924390367695595,0.9972687191668983,0.948972098757122,86.67861485547526,0.8221234018899388
269,0.6405334036483147,0.7014239830536863,0.09251847978203907,99.43346534063839,0.9899628211419539,0.9928448069022721,0.9640252885717759,89.1455322401334,0.8265703168426903
270,0.6416935659465817,0.7014890019242794,0.10353444586940581,99.18165644354454,0.995715800227557,1.0005281797178989,0.952404316959943,89.16536964980544,0.8226792662590328
271,0.6424207537443426,0.7030452675567235,0.09680050744960397,99.44469836827061,0.9812686871395567,0.9925163230874792,0.8800398278991801,84.6474603946637,0.8260144524735964
272,0.6399109555517508,0.7015058091278585,0.08555811663478144,98.10750655073845,0.9964560253743399,0.9909471190591995,1.046036114356066,88.44873888271262,0.8132295719844358
273,0.6391467221184195,0.699842419381253,0.0928854249442629,98.33824886850881,0.9932507127440592,0.9934880000607976,0.991115126893413,91.482212340189,0.8232351306281267
274,0.6394794349615889,0.7001020296123154,0.09387612672236036,97.99606955693187,0.9891018827734158,0.9916517884284672,0.9661535461323999,86.03833727070595,0.8137854363535297
275,0.6367386976499226,0.6979038334846951,0.08625315847483177,98.99292073606479,0.9926533892527099,0.9897067381183992,1.0191735887341926,91.66226028349082,0.8121178432462479
276,0.6362368077991007,0.6973921151999464,0.08583999350276546,99.12256580514531,0.9825782797083449,0.9871682998801418,0.9412677588894872,87.18095122290161,0.8215675375208449
277,0.6360605357089686,0.6971605945167342,0.08616033356890558,97.54956229156741,0.9906676940748332,0.993269372741801,0.9672529931993469,90.37221199277376,0.8187882156753752
278,0.636422094133367,0.697276674718616,0.08873200291619521,97.03885034540258,0.9897844994180794,0.9913866807514592,0.9753652745448861,89.77192190105615,0.8148971650917176
279,0.6357922601722547,0.6965998503751787,0.0885227924872149,97.76395753930443,0.9985564625746943,0.9911778923403627,1.0649630518473805,90.02735894941634,0.8087826570316843
280,0.6361675435103026,0.6964390478911089,0.09372437483018327,97.85426095759885,0.9867064140451293,0.9881282380185172,0.9739095233028766,87.35230510005559,0.8193440800444691
281,0.6375751031927406,0.6972890038783349,0.10015003337015022,98.49888339685565,0.9995460531458449,0.9923517079801278,1.0642956346190593,91.12645914396887,0.8060033351862146
282,0.6345889458149714,0.6952328257131372,0.08879278363813498,99.39425768222964,0.987585401720574,0.9886973340223736,0.9775778752953029,88.52020219566425,0.820455808782657
283,0.6332464631595403,0.6940893543056217,0.08566137334742735,97.00299994044784,0.9966954840362702,0.9905080323487007,1.052383227769768,91.40478217065036,0.81100611450806
284,0.6342908360379943,0.6951901389054311,0.08619729196985544,99.43999374702238,0.9817999203116314,0.9932066751493885,0.8791387196445942,88.80615967204002,0.831017231795442
285,0.6325569607179014,0.6934360833097606,0.08464471200013399,98.54808837541687,0.9848279968906337,0.9899378506722485,0.9388401271105475,88.53355162590329,0.8232351306281267
286,0.6323278826040674,0.6933046498146439,0.083537348456017,98.00917847784659,0.9797305604893344,0.9863016617304753,0.9205902421918427,88.07234922178988,0.820455808782657
287,0.6325165420103323,0.6931501863796748,0.08681408435518029,98.20219449737971,0.9948748789475056,0.9967374181402863,0.9781118226488674,90.55447470817121,0.8148971650917176
288,0.6323040384744223,0.6927011607089686,0.08872931318205841,97.95232848975702,0.9803354836888549,0.9866956251737076,0.9230948888705531,87.35196637020567,0.8271261812117843
289,0.6312947339134707,0.6921890934857372,0.0832462901442093,97.41457985945688,0.9820748668965398,0.98643764222311,0.9428094818301834,89.13344219010561,0.8232351306281267
290,0.6300453596764829,0.6908446916686517,0.08285142990337661,97.74192323725583,0.9789947458874723,0.9867822754177669,0.9089073193875069,88.78797248471373,0.8237909949972206
291,0.6304190146349452,0.6907786259826108,0.08718325400023076,97.81490441877084,0.9870370013505767,0.9880697474074138,0.9777430332389522,90.6642231795442,0.8193440800444691
292,0.6317325935527335,0.6909647265066698,0.09864267728168548,98.03964685564554,1.014809931298638,0.9843586470565244,1.2888726430047943,99.89193649249583,0.7909949972206781
293,0.632800694248005,0.6914196259751667,0.10523069398979053,99.35780431157694,0.9882868140720539,0.9875011942398555,0.9953574604163772,92.21567537520845,0.8121178432462479
294,0.6293707452767687,0.6893928749553359,0.08917110564880226,98.37805949261553,0.9970878189706087,0.9895820214789466,1.064640539231865,90.68916759310729,0.81100611450806
295,0.6293827836544188,0.69007906248139,0.08311633236809195,96.93187232015245,0.9914571137611173,0.9850592451535576,1.049038474065453,92.03508893829905,0.8137854363535297
296,0.6287726065611601,0.6891538520947474,0.08534121502008024,97.57366603144355,0.9833984375,0.9818888097554197,0.996984815783074,88.6533751389661,0.8187882156753752
297,0.628290373578192,0.6883824654225227,0.08746177960487136,97.62445658646975,0.9806780133928571,0.9822474888392857,0.9665523272477765,88.21063785436354,0.8193440800444691
298,0.6272787427606896,0.6874164292334147,0.08603928099364652,97.49403733920914,0.9876789052728947,0.9832278511933713,1.0277392062430517,89.4490862979433,0.8198999444135631
299,0.6278794403585041,0.6885814766704383,0.08156218217519876,97.56512773939971,0.9844792245692051,0.9812572197227627,1.0134777431689481,91.09002397165092,0.8160088938299055
300,0.6270093040957003,0.6875439080923952,0.0821983697245154,97.98663798237256,0.9958975146782935,0.9840008500816426,1.1029676996117634,91.09186527237354,0.8076709282934964
301,0.6265990105965639,0.6869676361883635,0.08328148931364265,97.68739578370652,0.9883841174784602,0.9868476193371317,1.002213211441252,91.64482872429127,0.8165647581989994
302,0.6254366383545736,0.6858380641637387,0.08182357344643283,97.99240709861839,0.9905099322757435,0.9808834769316287,1.0771478268091648,88.17844983324069,0.8143413007226237
303,0.62534259943351,0.6860611521669545,0.0788747161385444,97.75171212482134,0.9952714208631531,0.9903172253899736,1.0398595872489924,92.00492461089495,0.8154530294608116
304,0.6258366381684731,0.6854021818425441,0.08974769014355795,96.26162011672226,0.9803478332146331,0.983010988092343,0.9563800500060797,89.89192780711507,0.8187882156753752
305,0.62644524503856,0.685519483329115,0.0947767587546339,98.48548415912339,0.9973744365359227,0.9843140666255559,1.114917901438299,88.9274162729294,0.8087826570316843
306,0.6231389947594093,0.6831660677331467,0.08289511990922016,97.4423832777513,0.9837878546892371,0.9870920313802807,0.9540512144333657,89.76360999166204,0.8226792662590328
307,0.6235615592618509,0.6837486786862792,0.08187706280799636,97.04855734873749,0.9823608059164813,0.9825064217534046,0.98105005982056,87.37843941078377,0.8226792662590328
308,0.6222927607826644,0.6826165477794486,0.07937902675008933,97.51982342782277,0.9870909457076849,0.9858650856378544,0.9981240934633825,90.71886290994998,0.8210116731517509
309,0.6239833677309136,0.6827450152974631,0.09512911392655357,98.40156026679371,1.0025009825336992,0.9813093998619025,1.1932243444708865,86.7154234991662,0.7998888271261813
310,0.6234469329703133,0.6823643234129347,0.09318980107482358,98.39567949023345,0.9807208974603947,0.9840549980023624,0.9507142640008338,92.07163702056698,0.8232351306281267
