epoch,train_recon,val_recon
1,1.0009849537726299,1.1202400161548083
2,1.0018239377382088,1.121163122307532
3,1.0007577175887328,1.1200272916377154
4,1.0003725993032397,1.1196216083588104
5,1.0001759617675083,1.1194949081955252
6,1.0000639255300143,1.1194395975194553
7,0.9999890796212482,1.119415352279044
8,0.9999010633783945,1.119369823513063
9,0.9998326509647452,1.119366134397582
10,0.9997663470700333,1.1193496777723735
11,0.9996965556515007,1.1193719166898277
12,0.9996551333968556,1.119365185519733
13,0.9995758396855645,1.1193552928710395
14,0.9995129190983801,1.1194047734852697
15,0.9994339008158647,1.1194092768551973
16,0.9993446563095522,1.1194450150257087
17,0.9992727191519771,1.119436911565453
18,0.9991577294991663,1.1194813351167314
19,0.999044384974988,1.11953266354572
20,0.9989276180621725,1.1195399136673152
21,0.9987292497915674,1.1195766897408281
22,0.9985354893699381,1.119589752553502
23,0.9982777792252263,1.1195883086089493
24,0.9981099091085041,1.1197605614230128
25,0.9974385216918771,1.1196026351445247
26,0.996895552941877,1.1195181220469705
27,0.9957181321462601,1.1192184937812675
28,0.9941136385630062,1.118566134831851
29,0.9919971638280133,1.1172671384275987
30,0.9880842495682468,1.1155939454210673
31,0.9831369737077179,1.113046219253752
32,0.9777479045080991,1.1097787507816843
33,0.9696675016376846,1.1048822848631183
34,0.9618995950452597,1.099762194274597
35,0.9541467644562887,1.0939353633963314
36,0.9460495027393997,1.0882631757226238
37,0.9369558457896617,1.0826330252918288
38,0.927600016004645,1.0758121352140078
39,0.9172025015632445,1.068517379446915
40,0.9090384390632444,1.0635904169851307
41,0.902211432527394,1.0579425657483323
42,0.8937672477965698,1.051758003578377
43,0.8868417885004765,1.047020595209144
44,0.879900023076465,1.0418332971442468
45,0.8748447586648403,1.038325658351862
46,0.866679386017151,1.0324707845504446
47,0.8622885023374226,1.0289247020914396
48,0.8569873191102906,1.0255836879863813
49,0.8522997279210338,1.0234885352973875
50,0.8471292393699381,1.0190282926278489
51,0.8436994067115293,1.016887137819622
52,0.8397482711261315,1.0134563038493607
53,0.835957410895069,1.0113049176625903
54,0.8315327146111243,1.0080141094010562
55,0.8283801214864221,1.0068481621734298
56,0.823544740426989,1.003013086697471
57,0.8212035400041686,1.0019251841300723
58,0.8181867220998095,0.999003248332407
59,0.814400704204383,0.9963970065835186
60,0.8117255389471176,0.9948190227209561
61,0.8083611597040258,0.9928530259866593
62,0.8051711157098619,0.9908553145844914
63,0.8037656473320629,0.99020776733602
64,0.8008387252858504,0.9873707941043636
65,0.8005192744312768,0.988061865967204
66,0.7963188292788232,0.9838850359574763
67,0.7929256714506908,0.9821252518760423
68,0.7915944162398761,0.9815672747880767
69,0.7889002873392091,0.9793281119719288
70,0.7871144146021916,0.9781600845956087
71,0.7856348074976179,0.9768175331781546
72,0.7838115136672225,0.9765102726341023
73,0.7832585829561696,0.975895210881045
74,0.7792843392686993,0.9732392474986103
75,0.7788142065418057,0.9727497589806837
76,0.7767331616245832,0.9708702838382435
77,0.774785202775131,0.9694467911860756
78,0.7732849254853502,0.9678669681941356
79,0.7706204479811816,0.9668408881670373
80,0.7698806165138161,0.9666494840883825
81,0.768936576010898,0.9650848974256532
82,0.7667603323010957,0.9639236164188438
83,0.7646579677078371,0.9623124153175375
84,0.7653265710606241,0.963016428397721
85,0.7639142039363983,0.9613548499166203
86,0.7605854927197475,0.9591261877258199
87,0.7589635391853263,0.9576794616801001
88,0.758714054683778,0.9575839485478044
89,0.7570918145545498,0.955956442815453
90,0.7560533606032634,0.95495923950806
91,0.7540918331646022,0.9535331672978044
92,0.7533908445986184,0.953151188594358
93,0.7519904604871367,0.951902072331851
94,0.7495939323785136,0.9499474252188715
95,0.7483523404001906,0.9487984513966092
96,0.7468593582509528,0.9464556285610061
97,0.7452273608712482,0.9454995092759867
98,0.7431272406503097,0.9434753139765147
99,0.7424162919842783,0.9425895289049472
100,0.7426063490054788,0.9420672487319344
101,0.7386132942770367,0.9391437104815175
102,0.7377450925291805,0.9382385656962201
103,0.7363034182944259,0.9368809299437187
104,0.7351895973529061,0.9352669212930795
105,0.7354058926869939,0.9352306750277932
106,0.7329470469568843,0.9318848144802668
107,0.7293189111630538,0.9292631952647304
108,0.7284942104126966,0.928157088139244
109,0.7275036754853502,0.9267428258754864
110,0.7249227831705574,0.9237683348387994
111,0.7260913130136375,0.9235158160783768
112,0.7247664717573845,0.9228533994580322
113,0.7226292803120533,0.9197917093697888
114,0.7222736347665555,0.9187485907969706
115,0.7182746620414483,0.9145417593107282
116,0.7179787305711053,0.9137530615967204
117,0.7157771632324916,0.9116945568718733
118,0.7134772789870176,0.9082780776646748
119,0.7149321961350643,0.9093628708657587
120,0.7117882790167938,0.9054749144489994
121,0.7107895705544307,0.9047268838590884
122,0.7076887440820033,0.9013594575111172
123,0.7079950050619342,0.9008804956746804
124,0.7103673401024297,0.9015305551695386
125,0.7062288627024774,0.8968597680134797
126,0.7091049867496427,0.8989109574763757
127,0.7021641071641258,0.8920573213417177
128,0.7017144845759886,0.891561514209283
129,0.6995602239905908,0.8884430803571428
130,0.6980859375,0.8865229142058088
131,0.696723692829919,0.8843013523137855
132,0.6981452160999285,0.8852245496630072
133,0.6948529247558362,0.8822184503543635
134,0.6947534335546689,0.8821369119997221
135,0.693984220536565,0.8804277984296831
136,0.6945054564673654,0.8799757634449694
137,0.6903641931425679,0.876296705635075
138,0.6917824931515008,0.8774186570664257
139,0.688024118627918,0.8730068636221512
140,0.6905708335814673,0.8758928354294052
141,0.686651454189495,0.8716435215744859
142,0.6848857045021439,0.8694558565522512
143,0.6842791414810624,0.8683832739108532
144,0.6871741156503097,0.8701451370553085
145,0.6831043205097665,0.8667509282500695
146,0.682956543666627,0.8661333933348389
147,0.6813182877262982,0.8639948321984435
148,0.6797380709564078,0.8627200929770011
149,0.6807657813244402,0.8623858502119233
150,0.6791549286862791,0.8621478099812396
151,0.6785031432378513,0.8611721985304336
152,0.6761499356092187,0.8584827378057254
153,0.6767738152840639,0.8585674919225958
154,0.6769665186547166,0.8593283605909533
155,0.6754278934909481,0.8580843437326292
156,0.6738360566043354,0.8560007881983046
157,0.6731942982521438,0.8546260748158699
158,0.6724821883188423,0.8541048412312395
159,0.6713768330901619,0.8530880817033769
160,0.6711326933956646,0.8522389109401056
161,0.6694145240292997,0.8509078991366732
162,0.6695696574261553,0.851333514278766
163,0.6700166950780133,0.8510497748315036
164,0.6678193578043116,0.8490136501615481
165,0.6671487687589328,0.8478406504047388
166,0.6670268468616007,0.8479608365324486
167,0.6657986299279419,0.8469817748141328
168,0.6655577693246785,0.846087675661826
169,0.6694804520009529,0.851179252145289
170,0.6648373518639829,0.8461011238882713
171,0.6655649444303835,0.8471944276768344
172,0.6637429542341591,0.8449634019767926
173,0.6638553961707956,0.8445086799524041
174,0.6625933926869938,0.8432992830218177
175,0.6650608046242258,0.8462034572158144
176,0.6634028685534779,0.843481505567329
177,0.6593221679222249,0.8404116761916343
178,0.6621056585725346,0.8431709087513897
179,0.6596928392240352,0.8411822410019455
180,0.6620214276143401,0.8425534628613118
181,0.6587019302346355,0.8398575836402168
182,0.6610701412875178,0.8421605622915509
183,0.6577151322058122,0.838582251641537
184,0.6574878662458313,0.839196411200667
185,0.6593657452209385,0.8412086793010005
186,0.6570977362732253,0.8383741553467204
187,0.6577971001816341,0.8397921468958449
188,0.6565195498600525,0.8375259388896609
189,0.6551672364444379,0.8363159014122429
190,0.654768541195212,0.8361106007243607
191,0.6545203426482848,0.8353688529217621
192,0.6544958350702715,0.8364365055239021
193,0.6549403668785732,0.8373413528349083
194,0.657290795095879,0.8379624997828655
195,0.659235357610767,0.8391948348040578
196,0.654029149855586,0.8355590660175792
197,0.6512001827507147,0.8320288028939689
198,0.6506210844449738,0.8318571233150361
199,0.6501570874523582,0.8321927774544886
200,0.6505411952120057,0.8329239508060033
201,0.6498346254913053,0.8317501726219427
202,0.6500508715087542,0.8326830357142857
203,0.6496118352489281,0.8320525476393135
204,0.6485951922790615,0.8311787863917454
205,0.6501765377486303,0.8318002470990828
206,0.651237082762625,0.8325172969357977
207,0.6479865877352311,0.8303790984140494
208,0.6478452053060981,0.8305599160992218
209,0.64757851208909,0.8295790022234575
210,0.6483023314673654,0.8307884089250973
211,0.6482754753007385,0.8303086458622846
212,0.6457831994029896,0.8280051450024319
213,0.6501921822891853,0.832635410514522
214,0.6466267177078371,0.8289867157101167
215,0.6439769365620533,0.8278347486885075
216,0.644457881729395,0.8277749541846164
217,0.6440729904865412,0.8279683265876876
218,0.6429085073993568,0.8269820353755558
219,0.641922872498809,0.8259029061284047
220,0.6430012747885898,0.8263871562760562
221,0.6438810650160791,0.8269771639626181
222,0.6414912086112434,0.8256723711523763
223,0.6418247081943783,0.8252782861138133
224,0.6410222017925202,0.8248224469323235
225,0.6431261659197832,0.8271819326709283
226,0.6432689822534541,0.8268497591978182
227,0.6417641017672105,0.8245466741505698
228,0.6397447407991901,0.8245171362562534
229,0.639269832732849,0.8234625421240968
230,0.6399927002069438,0.8251181472345748
231,0.639933748213435,0.8242128743399111
232,0.6392498548415912,0.8228409055377988
233,0.6394663381372082,0.8247440657135909
234,0.6398839849333016,0.8255944318023902
235,0.6377020065358504,0.8224352895705948
236,0.6395328690745593,0.8240155468315731
237,0.6362465897078966,0.8210930888253891
238,0.6362643092692949,0.8219675850733046
239,0.6360380594181754,0.8214383935085464
240,0.6351863992154002,0.8210346177563924
241,0.6347215601179133,0.8204674884484435
242,0.6373901188065746,0.8227198790994997
243,0.6349734239146617,0.8204838202213035
244,0.6432610171510244,0.8277463336836437
245,0.635738876771677,0.8215618518534602
246,0.6338115434433064,0.8198376441773207
247,0.6370691084296093,0.8214323061423012
248,0.6385836801006431,0.8253344848700667
249,0.6340648057854931,0.8200928532344358
250,0.6375195089179371,0.8234910095452335
251,0.6356647064078133,0.8211756661687049
252,0.63401848722606,0.820493726983741
253,0.6316104646185684,0.818454699225264
254,0.6328056719717723,0.8202159120518343
255,0.6315296383694616,0.8182986544173847
256,0.6320119495146498,0.8193597245865759
257,0.6322367980288233,0.819062035332129
258,0.6305864976625775,0.8176607316564758
259,0.6305501708402811,0.8187506014626181
260,0.6316412968228918,0.8200720799749861
261,0.6300785939733207,0.8168070944361451
262,0.6301413731241067,0.8176214802494441
263,0.6287078519533111,0.8165024709908283
264,0.6288738666478085,0.8169392631322957
265,0.6276663962005717,0.8157827503995275
266,0.6284539717573845,0.8161288421953169
267,0.6301142359456884,0.8191569784863119
268,0.6287230340340638,0.8165895256479294
269,0.6303302111868747,0.8186907049055031
270,0.6274198157977013,0.8162546390790022
271,0.6275041277096236,0.8158426241575181
272,0.6269532459653406,0.8165112084838799
273,0.6277544794396142,0.8165588912242913
274,0.629784320658647,0.8169697195056281
275,0.6267289464477132,0.8163996740810867
276,0.6258287800738447,0.8152237538649945
277,0.6250312834980943,0.8136026709717205
278,0.6264240039899952,0.8148188186145081
279,0.625781490069676,0.8148782374756809
280,0.6247477481836589,0.8147771526716231
281,0.62417504615293,0.8139922417836298
282,0.6254737570345998,0.8157976849117565
283,0.6244150488327775,0.8144741121369511
284,0.6224969851715102,0.8131237308487355
285,0.6238316888250357,0.8132477852279044
286,0.6240471708998333,0.8140437287208171
287,0.6234715228978085,0.8136243442537521
288,0.6220419768342068,0.8127380065748332
289,0.6218823844687946,0.8127617925757366
290,0.6213268176438185,0.8127657596234019
291,0.6217389363238447,0.8134866679405225
292,0.6252707874285374,0.8151936318788215
293,0.6230494134111482,0.8125084335047248
294,0.6209788962005717,0.811817690600681
295,0.6219198762803716,0.8121651796571012
296,0.6220045743508814,0.8136472910297388
297,0.6209650940552048,0.8129992563142718
298,0.6222226674160315,0.8121735208796553
299,0.6204607969941043,0.8125284402793218
300,0.6207979785761076,0.8129366944309339
301,0.6189643077804907,0.810619610721234
302,0.6204185382176036,0.8120928369493469
303,0.6218458752679847,0.812863077143552
304,0.617868471593616,0.8104938084091856
305,0.6178652427495236,0.8107303308695804
306,0.6177700653585041,0.810801364256184
307,0.6174424763280133,0.8105664095070177
308,0.6173428706750238,0.8101696917124097
309,0.6186904329442592,0.8108013251719706
310,0.6163432307795379,0.8097857066860061
311,0.6179609375,0.8115365057410366
312,0.6161715307140305,0.8096972406545303
313,0.6174653815805146,0.8110347610651751
314,0.6159954852012863,0.8088598038406754
315,0.6155609330335874,0.8097584356760701
316,0.6149939247483921,0.808774762020567
317,0.6153670460636017,0.8099432822922457
318,0.6160780077566699,0.8097394744041829
319,0.6153248235767032,0.8102981213521401
320,0.6186428284302049,0.8115149323408838
321,0.6142485353888757,0.8087400128977904
322,0.6141982575407933,0.8084663517492356
323,0.6134967953489757,0.8077205370170928
324,0.6139641458730348,0.8085785744684547
325,0.6129742101893759,0.8075479910714286
326,0.6127855321730586,0.8079424039831156
327,0.6147401636568008,0.8087359231691217
328,0.6125406080648523,0.8091736631027654
329,0.6134823781413768,0.8082632777758477
330,0.6135316017299904,0.807300373037104
331,0.6120253357253455,0.8080877038893135
332,0.6112664717573845,0.808112313915717
333,0.6124316192234397,0.8069559282066425
334,0.6117578376235707,0.8084365218089911
335,0.6103987827164721,0.8067449005958172
336,0.6108875059552168,0.8074724445438438
337,0.6129503362836469,0.8078174343819483
338,0.6106672801780609,0.8079055443128127
339,0.6117943347278466,0.8091686386099917
340,0.609771302926989,0.8072706310363397
341,0.6101906376548356,0.807256590032657
342,0.6096888790048833,0.8076533697106031
343,0.6100751455306098,0.8076428104589355
344,0.6106682674413411,0.8090726521244441
345,0.6096575229275846,0.808073380610756
346,0.6088274568991187,0.807007790786548
347,0.6085609637401739,0.8080767027688994
348,0.6109582232238566,0.80811865967204
349,0.60783112214894,0.8061808502553502
350,0.6156376101715102,0.8156452847067815
351,0.6075334087660791,0.8071225876354919
352,0.6081431317740591,0.8068315709248194
353,0.6067944342916269,0.8067306359435797
354,0.6077920996605527,0.8068446261377848
355,0.6088164658021677,0.8091875151994163
356,0.609938088077656,0.811006380497846
357,0.6064546845223916,0.8060278594444831
358,0.6070368069616484,0.8064193030416204
359,0.6056118510674726,0.8065449663875764
360,0.6069435426840162,0.8048672113847971
361,0.6058580201881848,0.8073088825389105
362,0.6049612445658646,0.8062312526056142
363,0.6056591112955574,0.8055858571602279
364,0.6043037690939138,0.8058773569952057
365,0.6053385419768342,0.8056410190991523
366,0.6040755019131134,0.8058325078602696
367,0.6031906013652334,0.805015544660228
368,0.6059313772927585,0.8063467410280016
369,0.6070341103650548,0.8064720178745136
370,0.6039806343794664,0.8059790845174403
371,0.603982394890424,0.8051411135526682
372,0.6042451185832539,0.8046163797595887
373,0.6024096621531086,0.8058153336054753
374,0.6035977827983564,0.8049416863535297
375,0.6019062862896022,0.804956012889105
376,0.6042450497260601,0.8048109583449139
377,0.6027719300857551,0.8067296827230406
378,0.6038694728144355,0.8072776998506115
379,0.6037546283200333,0.8047727111850334
380,0.6095783194750476,0.8075106743329628
381,0.6020599271602549,0.8057957567572263
382,0.6025600806931872,0.8052200386933713
383,0.6026470975762268,0.8043126378804196
384,0.6007345276024297,0.8034337283734019
385,0.600822532679252,0.8044634367183158
386,0.601762120727132,0.8050017001632852
387,0.6039681675053596,0.8063755992912729
388,0.599459954889233,0.8042766489195387
389,0.5986235605124464,0.8027724158820873
390,0.5982687533498094,0.8031361835134102
391,0.5993271963583849,0.805562873471373
392,0.5995028659480706,0.8056620963469289
393,0.5985271539274655,0.8041304272773069
394,0.6010784637029538,0.8085988776316704
395,0.5980600565001191,0.8030231345973458
396,0.5996194560653882,0.8043166201275014
397,0.5975937165019056,0.8034954586315314
398,0.5988441947802525,0.8032346724742913
399,0.5998348432289186,0.8041301167749444
400,0.5991387630642568,0.8045564376042246
401,0.5982904359218676,0.8051953331277794
402,0.601419240747082,0.8047048056211784
403,0.596243344114757,0.802432269229433
404,0.5959994882235589,0.8031148467898833
405,0.5956215534182945,0.8033074407657032
406,0.597404149855586,0.8063102374583102
407,0.5968906491930681,0.8054956323391468
408,0.5971905520485946,0.8062832595799749
409,0.5963478041999166,0.8053013685988744
410,0.5953859538768461,0.8033607299193997
411,0.597907147004526,0.8074491080113952
412,0.5957965772391615,0.8020038801938577
413,0.5952080752739399,0.8044894472623679
414,0.5941335401530491,0.8033378982247081
415,0.5970613610647928,0.8042024203984852
416,0.5949784932929371,0.8059617560971373
417,0.5942378494967842,0.8043391380628127
418,0.5941183692383277,0.8049390720539188
419,0.5932276195509767,0.8040744945108393
420,0.600165199574202,0.8108661474256531
421,0.594845965526739,0.8045326483463034
422,0.5948203180830157,0.8040986637541689
423,0.5930419005329919,0.8042838708136465
424,0.5947221891376846,0.803139413389383
425,0.5910717799026322,0.8031654358758338
426,0.5913092795304311,0.8020332584943024
427,0.5934760041984278,0.8047491846598804
428,0.5916989507652454,0.8029064258789606
429,0.5928251269205574,0.8044680942537521
430,0.593114031235112,0.8068685076778765
431,0.5908976614608147,0.8030210403349083
432,0.596691077782575,0.804494344731448
