track_id,genre,label,path,loaded,error,sample_rate,n_samples,duration_s,n_full_1s_clips,min_amplitude,max_amplitude
classical.00000,classical,0,classical/classical.00000.wav,True,,22050,661794,30.013333333333332,30,-0.3436279296875,0.317626953125
classical.00001,classical,0,classical/classical.00001.wav,True,,22050,661794,30.013333333333332,30,-0.17156982421875,0.16387939453125
classical.00002,classical,0,classical/classical.00002.wav,True,,22050,661794,30.013333333333332,30,-0.2733154296875,0.338775634765625
classical.00003,classical,0,classical/classical.00003.wav,True,,22050,661794,30.013333333333332,30,-0.300445556640625,0.30218505859375
classical.00004,classical,0,classical/classical.00004.wav,True,,22050,661794,30.013333333333332,30,-0.265045166015625,0.295745849609375
classical.00005,classical,0,classical/classical.00005.wav,True,,22050,661794,30.013333333333332,30,-0.372344970703125,0.316162109375
classical.00006,classical,0,classical/classical.00006.wav,True,,22050,661794,30.013333333333332,30,-0.2896728515625,0.388458251953125
classical.00007,classical,0,classical/classical.00007.wav,True,,22050,661794,30.013333333333332,30,-0.372528076171875,0.39422607421875
classical.00008,classical,0,classical/classical.00008.wav,True,,22050,661794,30.013333333333332,30,-0.259185791015625,0.293487548828125
classical.00009,classical,0,classical/classical.00009.wav,True,,22050,661794,30.013333333333332,30,-0.2015380859375,0.21771240234375
classical.00010,classical,0,classical/classical.00010.wav,True,,22050,661794,30.013333333333332,30,-0.311248779296875,0.28076171875
classical.00011,classical,0,classical/classical.00011.wav,True,,22050,661794,30.013333333333332,30,-0.1370849609375,0.15948486328125
classical.00012,classical,0,classical/classical.00012.wav,True,,22050,661794,30.013333333333332,30,-0.3157958984375,0.32275390625
classical.00013,classical,0,classical/classical.00013.wav,True,,22050,661794,30.013333333333332,30,-0.410186767578125,0.38214111328125
classical.00014,classical,0,classical/classical.00014.wav,True,,22050,661794,30.013333333333332,30,-0.38897705078125,0.365203857421875
classical.00015,classical,0,classical/classical.00015.wav,True,,22050,661794,30.013333333333332,30,-0.13287353515625,0.11865234375
classical.00016,classical,0,classical/classical.00016.wav,True,,22050,661794,30.013333333333332,30,-0.07757568359375,0.0723876953125
classical.00017,classical,0,classical/classical.00017.wav,True,,22050,661794,30.013333333333332,30,-0.436248779296875,0.465606689453125
classical.00018,classical,0,classical/classical.00018.wav,True,,22050,661794,30.013333333333332,30,-0.35284423828125,0.385406494140625
classical.00019,classical,0,classical/classical.00019.wav,True,,22050,661794,30.013333333333332,30,-0.093353271484375,0.0809326171875
classical.00020,classical,0,classical/classical.00020.wav,True,,22050,661794,30.013333333333332,30,-0.33349609375,0.312164306640625
classical.00021,classical,0,classical/classical.00021.wav,True,,22050,661794,30.013333333333332,30,-0.455718994140625,0.477325439453125
classical.00022,classical,0,classical/classical.00022.wav,True,,22050,661794,30.013333333333332,30,-0.412506103515625,0.374725341796875
classical.00023,classical,0,classical/classical.00023.wav,True,,22050,661794,30.013333333333332,30,-0.107757568359375,0.102020263671875
classical.00024,classical,0,classical/classical.00024.wav,True,,22050,661794,30.013333333333332,30,-0.451385498046875,0.4140625
classical.00025,classical,0,classical/classical.00025.wav,True,,22050,661794,30.013333333333332,30,-0.391387939453125,0.4268798828125
classical.00026,classical,0,classical/classical.00026.wav,True,,22050,661794,30.013333333333332,30,-0.549224853515625,0.528106689453125
classical.00027,classical,0,classical/classical.00027.wav,True,,22050,661794,30.013333333333332,30,-0.20404052734375,0.18463134765625
classical.00028,classical,0,classical/classical.00028.wav,True,,22050,661794,30.013333333333332,30,-0.39691162109375,0.396759033203125
classical.00029,classical,0,classical/classical.00029.wav,True,,22050,661794,30.013333333333332,30,-0.488494873046875,0.4925537109375
classical.00030,classical,0,classical/classical.00030.wav,True,,22050,661794,30.013333333333332,30,-0.214111328125,0.222412109375
classical.00031,classical,0,classical/classical.00031.wav,True,,22050,661794,30.013333333333332,30,-0.336212158203125,0.376007080078125
classical.00032,classical,0,classical/classical.00032.wav,True,,22050,661794,30.013333333333332,30,-0.06671142578125,0.068939208984375
classical.00033,classical,0,classical/classical.00033.wav,True,,22050,661794,30.013333333333332,30,-0.261322021484375,0.276123046875
classical.00034,classical,0,classical/classical.00034.wav,True,,22050,661794,30.013333333333332,30,-0.47430419921875,0.525543212890625
classical.00035,classical,0,classical/classical.00035.wav,True,,22050,661794,30.013333333333332,30,-0.527984619140625,0.456207275390625
classical.00036,classical,0,classical/classical.00036.wav,True,,22050,661794,30.013333333333332,30,-0.196258544921875,0.18243408203125
classical.00037,classical,0,classical/classical.00037.wav,True,,22050,661794,30.013333333333332,30,-0.73138427734375,0.7281494140625
classical.00038,classical,0,classical/classical.00038.wav,True,,22050,661794,30.013333333333332,30,-0.480712890625,0.49981689453125
classical.00039,classical,0,classical/classical.00039.wav,True,,22050,661794,30.013333333333332,30,-0.31402587890625,0.279449462890625
classical.00040,classical,0,classical/classical.00040.wav,True,,22050,661794,30.013333333333332,30,-0.2706298828125,0.283966064453125
classical.00041,classical,0,classical/classical.00041.wav,True,,22050,661794,30.013333333333332,30,-0.433685302734375,0.445587158203125
classical.00042,classical,0,classical/classical.00042.wav,True,,22050,669680,30.370975056689343,30,-0.774627685546875,0.818572998046875
classical.00043,classical,0,classical/classical.00043.wav,True,,22050,661676,30.00798185941043,30,-0.598602294921875,0.63348388671875
classical.00044,classical,0,classical/classical.00044.wav,True,,22050,661794,30.013333333333332,30,-0.135040283203125,0.12530517578125
classical.00045,classical,0,classical/classical.00045.wav,True,,22050,665280,30.17142857142857,30,-0.812042236328125,0.699951171875
classical.00046,classical,0,classical/classical.00046.wav,True,,22050,661760,30.011791383219954,30,-0.636322021484375,0.563720703125
classical.00047,classical,0,classical/classical.00047.wav,True,,22050,661794,30.013333333333332,30,-0.109161376953125,0.0814208984375
classical.00048,classical,0,classical/classical.00048.wav,True,,22050,663520,30.091609977324264,30,-0.79827880859375,0.760986328125
classical.00049,classical,0,classical/classical.00049.wav,True,,22050,661408,29.995827664399094,29,-0.8507080078125,0.798492431640625
classical.00050,classical,0,classical/classical.00050.wav,True,,22050,661794,30.013333333333332,30,-0.056060791015625,0.057952880859375
classical.00051,classical,0,classical/classical.00051.wav,True,,22050,661344,29.992925170068027,29,-0.54400634765625,0.582611083984375
classical.00052,classical,0,classical/classical.00052.wav,True,,22050,661794,30.013333333333332,30,-0.612823486328125,0.517059326171875
classical.00053,classical,0,classical/classical.00053.wav,True,,22050,670120,30.39092970521542,30,-0.751190185546875,0.736541748046875
classical.00054,classical,0,classical/classical.00054.wav,True,,22050,672282,30.488979591836735,30,-0.723663330078125,0.681976318359375
classical.00055,classical,0,classical/classical.00055.wav,True,,22050,661794,30.013333333333332,30,-0.108367919921875,0.104248046875
classical.00056,classical,0,classical/classical.00056.wav,True,,22050,663080,30.071655328798187,30,-0.80999755859375,0.81610107421875
classical.00057,classical,0,classical/classical.00057.wav,True,,22050,661794,30.013333333333332,30,-0.18255615234375,0.174072265625
classical.00058,classical,0,classical/classical.00058.wav,True,,22050,661794,30.013333333333332,30,-0.235107421875,0.158660888671875
classical.00059,classical,0,classical/classical.00059.wav,True,,22050,661794,30.013333333333332,30,-0.701171875,0.580352783203125
classical.00060,classical,0,classical/classical.00060.wav,True,,22050,661794,30.013333333333332,30,-0.506591796875,0.53533935546875
classical.00061,classical,0,classical/classical.00061.wav,True,,22050,661794,30.013333333333332,30,-0.59423828125,0.555419921875
classical.00062,classical,0,classical/classical.00062.wav,True,,22050,661794,30.013333333333332,30,-0.665863037109375,0.710723876953125
classical.00063,classical,0,classical/classical.00063.wav,True,,22050,661794,30.013333333333332,30,-0.2200927734375,0.19110107421875
classical.00064,classical,0,classical/classical.00064.wav,True,,22050,661794,30.013333333333332,30,-0.2144775390625,0.2130126953125
classical.00065,classical,0,classical/classical.00065.wav,True,,22050,661794,30.013333333333332,30,-0.366973876953125,0.336883544921875
classical.00066,classical,0,classical/classical.00066.wav,True,,22050,661794,30.013333333333332,30,-0.41168212890625,0.313720703125
classical.00067,classical,0,classical/classical.00067.wav,True,,22050,661794,30.013333333333332,30,-0.551300048828125,0.588226318359375
classical.00068,classical,0,classical/classical.00068.wav,True,,22050,661794,30.013333333333332,30,-0.4384765625,0.43072509765625
classical.00069,classical,0,classical/classical.00069.wav,True,,22050,661794,30.013333333333332,30,-0.206207275390625,0.209564208984375
classical.00070,classical,0,classical/classical.00070.wav,True,,22050,661794,30.013333333333332,30,-0.46612548828125,0.343841552734375
classical.00071,classical,0,classical/classical.00071.wav,True,,22050,661794,30.013333333333332,30,-0.439727783203125,0.47601318359375
classical.00072,classical,0,classical/classical.00072.wav,True,,22050,661794,30.013333333333332,30,-0.21258544921875,0.22344970703125
classical.00073,classical,0,classical/classical.00073.wav,True,,22050,661794,30.013333333333332,30,-0.330657958984375,0.3056640625
classical.00074,classical,0,classical/classical.00074.wav,True,,22050,661794,30.013333333333332,30,-0.5289306640625,0.391510009765625
classical.00075,classical,0,classical/classical.00075.wav,True,,22050,661794,30.013333333333332,30,-0.1429443359375,0.1484375
classical.00076,classical,0,classical/classical.00076.wav,True,,22050,661794,30.013333333333332,30,-0.476287841796875,0.521270751953125
classical.00077,classical,0,classical/classical.00077.wav,True,,22050,661794,30.013333333333332,30,-0.20977783203125,0.3265380859375
classical.00078,classical,0,classical/classical.00078.wav,True,,22050,661794,30.013333333333332,30,-0.06060791015625,0.062042236328125
classical.00079,classical,0,classical/classical.00079.wav,True,,22050,661794,30.013333333333332,30,-0.187957763671875,0.25457763671875
classical.00080,classical,0,classical/classical.00080.wav,True,,22050,661794,30.013333333333332,30,-0.0634765625,0.063507080078125
classical.00081,classical,0,classical/classical.00081.wav,True,,22050,661794,30.013333333333332,30,-0.1180419921875,0.11444091796875
classical.00082,classical,0,classical/classical.00082.wav,True,,22050,661794,30.013333333333332,30,-0.27459716796875,0.2666015625
classical.00083,classical,0,classical/classical.00083.wav,True,,22050,661794,30.013333333333332,30,-0.299957275390625,0.248992919921875
classical.00084,classical,0,classical/classical.00084.wav,True,,22050,661794,30.013333333333332,30,-0.241912841796875,0.2464599609375
classical.00085,classical,0,classical/classical.00085.wav,True,,22050,661794,30.013333333333332,30,-0.401031494140625,0.470458984375
classical.00086,classical,0,classical/classical.00086.wav,True,,22050,661794,30.013333333333332,30,-0.444580078125,0.414154052734375
classical.00087,classical,0,classical/classical.00087.wav,True,,22050,661794,30.013333333333332,30,-0.165069580078125,0.1475830078125
classical.00088,classical,0,classical/classical.00088.wav,True,,22050,661794,30.013333333333332,30,-0.294647216796875,0.283935546875
classical.00089,classical,0,classical/classical.00089.wav,True,,22050,661794,30.013333333333332,30,-0.248382568359375,0.279998779296875
classical.00090,classical,0,classical/classical.00090.wav,True,,22050,661794,30.013333333333332,30,-0.192413330078125,0.156005859375
classical.00091,classical,0,classical/classical.00091.wav,True,,22050,661794,30.013333333333332,30,-0.29461669921875,0.39849853515625
classical.00092,classical,0,classical/classical.00092.wav,True,,22050,661794,30.013333333333332,30,-0.42584228515625,0.441131591796875
classical.00093,classical,0,classical/classical.00093.wav,True,,22050,661794,30.013333333333332,30,-0.704254150390625,0.72760009765625
classical.00094,classical,0,classical/classical.00094.wav,True,,22050,661794,30.013333333333332,30,-0.140289306640625,0.1324462890625
classical.00095,classical,0,classical/classical.00095.wav,True,,22050,661794,30.013333333333332,30,-0.2257080078125,0.274444580078125
classical.00096,classical,0,classical/classical.00096.wav,True,,22050,661794,30.013333333333332,30,-0.444793701171875,0.454742431640625
classical.00097,classical,0,classical/classical.00097.wav,True,,22050,661794,30.013333333333332,30,-0.363433837890625,0.45111083984375
classical.00098,classical,0,classical/classical.00098.wav,True,,22050,661794,30.013333333333332,30,-0.273223876953125,0.268218994140625
classical.00099,classical,0,classical/classical.00099.wav,True,,22050,661794,30.013333333333332,30,-0.058563232421875,0.066925048828125
country.00000,country,1,country/country.00000.wav,True,,22050,663300,30.081632653061224,30,-0.7711181640625,0.773529052734375
country.00001,country,1,country/country.00001.wav,True,,22050,661760,30.011791383219954,30,-0.70611572265625,0.72161865234375
country.00002,country,1,country/country.00002.wav,True,,22050,669680,30.370975056689343,30,-0.62078857421875,0.611419677734375
country.00003,country,1,country/country.00003.wav,True,,22050,661408,29.995827664399094,29,-0.806121826171875,0.818023681640625
country.00004,country,1,country/country.00004.wav,True,,22050,661408,29.995827664399094,29,-0.73614501953125,0.69940185546875
country.00005,country,1,country/country.00005.wav,True,,22050,666820,30.24126984126984,30,-0.683349609375,0.67510986328125
country.00006,country,1,country/country.00006.wav,True,,22050,668800,30.331065759637188,30,-0.832916259765625,0.8582763671875
country.00007,country,1,country/country.00007.wav,True,,22050,661100,29.98185941043084,29,-0.748565673828125,0.761688232421875
country.00008,country,1,country/country.00008.wav,True,,22050,663740,30.1015873015873,30,-0.86212158203125,0.86309814453125
country.00009,country,1,country/country.00009.wav,True,,22050,663300,30.081632653061224,30,-0.8131103515625,0.819091796875
country.00010,country,1,country/country.00010.wav,True,,22050,661794,30.013333333333332,30,-0.698699951171875,0.627655029296875
country.00011,country,1,country/country.00011.wav,True,,22050,661794,30.013333333333332,30,-0.537689208984375,0.792572021484375
country.00012,country,1,country/country.00012.wav,True,,22050,661794,30.013333333333332,30,-0.766265869140625,0.792327880859375
country.00013,country,1,country/country.00013.wav,True,,22050,661794,30.013333333333332,30,-0.6158447265625,0.989990234375
country.00014,country,1,country/country.00014.wav,True,,22050,661794,30.013333333333332,30,-0.599365234375,0.618896484375
country.00015,country,1,country/country.00015.wav,True,,22050,661794,30.013333333333332,30,-0.4979248046875,0.4832763671875
country.00016,country,1,country/country.00016.wav,True,,22050,661794,30.013333333333332,30,-0.56121826171875,0.5291748046875
country.00017,country,1,country/country.00017.wav,True,,22050,661794,30.013333333333332,30,-0.471221923828125,0.4771728515625
country.00018,country,1,country/country.00018.wav,True,,22050,661794,30.013333333333332,30,-0.74102783203125,0.7628173828125
country.00019,country,1,country/country.00019.wav,True,,22050,661794,30.013333333333332,30,-0.65399169921875,0.73895263671875
country.00020,country,1,country/country.00020.wav,True,,22050,661794,30.013333333333332,30,-0.553009033203125,0.64715576171875
country.00021,country,1,country/country.00021.wav,True,,22050,661794,30.013333333333332,30,-0.643829345703125,0.657684326171875
country.00022,country,1,country/country.00022.wav,True,,22050,661794,30.013333333333332,30,-0.62042236328125,0.757110595703125
country.00023,country,1,country/country.00023.wav,True,,22050,661794,30.013333333333332,30,-0.372772216796875,0.428375244140625
country.00024,country,1,country/country.00024.wav,True,,22050,661794,30.013333333333332,30,-0.60308837890625,0.675994873046875
country.00025,country,1,country/country.00025.wav,True,,22050,661794,30.013333333333332,30,-0.90216064453125,0.681610107421875
country.00026,country,1,country/country.00026.wav,True,,22050,661794,30.013333333333332,30,-0.6285400390625,0.58245849609375
country.00027,country,1,country/country.00027.wav,True,,22050,661794,30.013333333333332,30,-0.717987060546875,0.81854248046875
country.00028,country,1,country/country.00028.wav,True,,22050,661794,30.013333333333332,30,-0.61431884765625,0.565277099609375
country.00029,country,1,country/country.00029.wav,True,,22050,661794,30.013333333333332,30,-0.796356201171875,0.648529052734375
country.00030,country,1,country/country.00030.wav,True,,22050,661794,30.013333333333332,30,-0.4493408203125,0.588897705078125
country.00031,country,1,country/country.00031.wav,True,,22050,661794,30.013333333333332,30,-0.616119384765625,0.722625732421875
country.00032,country,1,country/country.00032.wav,True,,22050,661794,30.013333333333332,30,-0.521728515625,0.6055908203125
country.00033,country,1,country/country.00033.wav,True,,22050,661794,30.013333333333332,30,-0.88861083984375,0.785552978515625
country.00034,country,1,country/country.00034.wav,True,,22050,661794,30.013333333333332,30,-0.630828857421875,0.65924072265625
country.00035,country,1,country/country.00035.wav,True,,22050,661794,30.013333333333332,30,-0.68096923828125,0.748046875
country.00036,country,1,country/country.00036.wav,True,,22050,661794,30.013333333333332,30,-0.3544921875,0.320037841796875
country.00037,country,1,country/country.00037.wav,True,,22050,661794,30.013333333333332,30,-0.68353271484375,0.546905517578125
country.00038,country,1,country/country.00038.wav,True,,22050,661794,30.013333333333332,30,-0.82501220703125,0.81060791015625
country.00039,country,1,country/country.00039.wav,True,,22050,661794,30.013333333333332,30,-0.684967041015625,0.6348876953125
country.00040,country,1,country/country.00040.wav,True,,22050,661794,30.013333333333332,30,-0.82806396484375,0.75244140625
country.00041,country,1,country/country.00041.wav,True,,22050,661794,30.013333333333332,30,-0.74713134765625,0.71661376953125
country.00042,country,1,country/country.00042.wav,True,,22050,661794,30.013333333333332,30,-0.7811279296875,0.708984375
country.00043,country,1,country/country.00043.wav,True,,22050,661794,30.013333333333332,30,-0.7005615234375,0.693145751953125
country.00044,country,1,country/country.00044.wav,True,,22050,661794,30.013333333333332,30,-0.638885498046875,0.888427734375
country.00045,country,1,country/country.00045.wav,True,,22050,661794,30.013333333333332,30,-0.91064453125,0.94146728515625
country.00046,country,1,country/country.00046.wav,True,,22050,661794,30.013333333333332,30,-0.5953369140625,0.64892578125
country.00047,country,1,country/country.00047.wav,True,,22050,661794,30.013333333333332,30,-0.541168212890625,0.496185302734375
country.00048,country,1,country/country.00048.wav,True,,22050,661794,30.013333333333332,30,-0.648590087890625,0.699493408203125
country.00049,country,1,country/country.00049.wav,True,,22050,661794,30.013333333333332,30,-0.71319580078125,0.66796875
country.00050,country,1,country/country.00050.wav,True,,22050,661794,30.013333333333332,30,-0.672119140625,0.684051513671875
country.00051,country,1,country/country.00051.wav,True,,22050,661794,30.013333333333332,30,-0.617584228515625,0.519073486328125
country.00052,country,1,country/country.00052.wav,True,,22050,661794,30.013333333333332,30,-0.456329345703125,0.3963623046875
country.00053,country,1,country/country.00053.wav,True,,22050,661794,30.013333333333332,30,-0.86822509765625,0.7567138671875
country.00054,country,1,country/country.00054.wav,True,,22050,661794,30.013333333333332,30,-0.632476806640625,0.533538818359375
country.00055,country,1,country/country.00055.wav,True,,22050,661794,30.013333333333332,30,-0.831451416015625,0.801116943359375
country.00056,country,1,country/country.00056.wav,True,,22050,661794,30.013333333333332,30,-0.636260986328125,0.70697021484375
country.00057,country,1,country/country.00057.wav,True,,22050,661794,30.013333333333332,30,-1.0,0.982696533203125
country.00058,country,1,country/country.00058.wav,True,,22050,661794,30.013333333333332,30,-0.8695068359375,0.932373046875
country.00059,country,1,country/country.00059.wav,True,,22050,661794,30.013333333333332,30,-0.708770751953125,0.78302001953125
country.00060,country,1,country/country.00060.wav,True,,22050,661794,30.013333333333332,30,-0.86962890625,0.846466064453125
country.00061,country,1,country/country.00061.wav,True,,22050,661794,30.013333333333332,30,-0.652496337890625,0.72137451171875
country.00062,country,1,country/country.00062.wav,True,,22050,661794,30.013333333333332,30,-0.706146240234375,0.73406982421875
country.00063,country,1,country/country.00063.wav,True,,22050,661794,30.013333333333332,30,-0.932159423828125,0.915679931640625
country.00064,country,1,country/country.00064.wav,True,,22050,661794,30.013333333333332,30,-0.41015625,0.418365478515625
country.00065,country,1,country/country.00065.wav,True,,22050,661794,30.013333333333332,30,-0.912841796875,0.82720947265625
country.00066,country,1,country/country.00066.wav,True,,22050,661794,30.013333333333332,30,-0.927001953125,0.9000244140625
country.00067,country,1,country/country.00067.wav,True,,22050,661794,30.013333333333332,30,-0.61968994140625,0.551116943359375
country.00068,country,1,country/country.00068.wav,True,,22050,661794,30.013333333333332,30,-0.76800537109375,0.753448486328125
country.00069,country,1,country/country.00069.wav,True,,22050,661794,30.013333333333332,30,-0.90301513671875,0.8857421875
country.00070,country,1,country/country.00070.wav,True,,22050,661794,30.013333333333332,30,-0.904998779296875,0.8731689453125
country.00071,country,1,country/country.00071.wav,True,,22050,661794,30.013333333333332,30,-0.88885498046875,0.762420654296875
country.00072,country,1,country/country.00072.wav,True,,22050,661794,30.013333333333332,30,-0.79901123046875,0.91229248046875
country.00073,country,1,country/country.00073.wav,True,,22050,661794,30.013333333333332,30,-0.8450927734375,0.827362060546875
country.00074,country,1,country/country.00074.wav,True,,22050,661794,30.013333333333332,30,-0.80413818359375,0.882049560546875
country.00075,country,1,country/country.00075.wav,True,,22050,661794,30.013333333333332,30,-0.92462158203125,0.919525146484375
country.00076,country,1,country/country.00076.wav,True,,22050,661794,30.013333333333332,30,-0.88629150390625,0.87030029296875
country.00077,country,1,country/country.00077.wav,True,,22050,661794,30.013333333333332,30,-0.717529296875,0.801910400390625
country.00078,country,1,country/country.00078.wav,True,,22050,661794,30.013333333333332,30,-0.9150390625,0.82476806640625
country.00079,country,1,country/country.00079.wav,True,,22050,661794,30.013333333333332,30,-0.797821044921875,0.6182861328125
country.00080,country,1,country/country.00080.wav,True,,22050,661794,30.013333333333332,30,-1.0,0.9146728515625
country.00081,country,1,country/country.00081.wav,True,,22050,661794,30.013333333333332,30,-1.0,0.993560791015625
country.00082,country,1,country/country.00082.wav,True,,22050,661794,30.013333333333332,30,-1.0,0.92626953125
country.00083,country,1,country/country.00083.wav,True,,22050,661794,30.013333333333332,30,-0.839996337890625,0.882965087890625
country.00084,country,1,country/country.00084.wav,True,,22050,661794,30.013333333333332,30,-1.0,0.993621826171875
country.00085,country,1,country/country.00085.wav,True,,22050,661794,30.013333333333332,30,-0.854705810546875,0.80035400390625
country.00086,country,1,country/country.00086.wav,True,,22050,661794,30.013333333333332,30,-1.0,0.98406982421875
country.00087,country,1,country/country.00087.wav,True,,22050,661794,30.013333333333332,30,-0.947845458984375,0.91436767578125
country.00088,country,1,country/country.00088.wav,True,,22050,661794,30.013333333333332,30,-1.0,0.941375732421875
country.00089,country,1,country/country.00089.wav,True,,22050,661794,30.013333333333332,30,-0.745361328125,0.810394287109375
country.00090,country,1,country/country.00090.wav,True,,22050,661794,30.013333333333332,30,-1.0,0.99114990234375
country.00091,country,1,country/country.00091.wav,True,,22050,661794,30.013333333333332,30,-0.772369384765625,0.8431396484375
country.00092,country,1,country/country.00092.wav,True,,22050,661794,30.013333333333332,30,-1.0,0.996368408203125
country.00093,country,1,country/country.00093.wav,True,,22050,661794,30.013333333333332,30,-0.66229248046875,0.62799072265625
country.00094,country,1,country/country.00094.wav,True,,22050,661794,30.013333333333332,30,-0.97174072265625,0.970001220703125
country.00095,country,1,country/country.00095.wav,True,,22050,661794,30.013333333333332,30,-0.911041259765625,0.910369873046875
country.00096,country,1,country/country.00096.wav,True,,22050,661794,30.013333333333332,30,-0.944793701171875,0.992645263671875
country.00097,country,1,country/country.00097.wav,True,,22050,661794,30.013333333333332,30,-0.85528564453125,0.911529541015625
country.00098,country,1,country/country.00098.wav,True,,22050,661794,30.013333333333332,30,-0.917816162109375,0.93084716796875
country.00099,country,1,country/country.00099.wav,True,,22050,661794,30.013333333333332,30,-0.99755859375,0.97454833984375
disco.00000,disco,2,disco/disco.00000.wav,True,,22050,664180,30.12154195011338,30,-0.749176025390625,0.7301025390625
disco.00001,disco,2,disco/disco.00001.wav,True,,22050,666160,30.211337868480726,30,-0.759765625,0.734771728515625
disco.00002,disco,2,disco/disco.00002.wav,True,,22050,661794,30.013333333333332,30,-0.81951904296875,0.8094482421875
disco.00003,disco,2,disco/disco.00003.wav,True,,22050,668140,30.301133786848073,30,-0.765838623046875,0.7755126953125
disco.00004,disco,2,disco/disco.00004.wav,True,,22050,661794,30.013333333333332,30,-0.987213134765625,0.957489013671875
disco.00005,disco,2,disco/disco.00005.wav,True,,22050,667920,30.291156462585032,30,-0.724578857421875,0.726715087890625
disco.00006,disco,2,disco/disco.00006.wav,True,,22050,661676,30.00798185941043,30,-0.76593017578125,0.78619384765625
disco.00007,disco,2,disco/disco.00007.wav,True,,22050,661794,30.013333333333332,30,-0.98675537109375,0.943267822265625
disco.00008,disco,2,disco/disco.00008.wav,True,,22050,665060,30.161451247165534,30,-0.845245361328125,0.81158447265625
disco.00009,disco,2,disco/disco.00009.wav,True,,22050,661794,30.013333333333332,30,-0.9678955078125,0.988555908203125
disco.00010,disco,2,disco/disco.00010.wav,True,,22050,661760,30.011791383219954,30,-0.86895751953125,0.837310791015625
disco.00011,disco,2,disco/disco.00011.wav,True,,22050,661794,30.013333333333332,30,-0.988555908203125,0.9578857421875
disco.00012,disco,2,disco/disco.00012.wav,True,,22050,663520,30.091609977324264,30,-0.678924560546875,0.701416015625
disco.00013,disco,2,disco/disco.00013.wav,True,,22050,661794,30.013333333333332,30,-0.8663330078125,0.86029052734375
disco.00014,disco,2,disco/disco.00014.wav,True,,22050,661344,29.992925170068027,29,-0.667022705078125,0.650054931640625
disco.00015,disco,2,disco/disco.00015.wav,True,,22050,661794,30.013333333333332,30,-0.846893310546875,0.888702392578125
disco.00016,disco,2,disco/disco.00016.wav,True,,22050,667920,30.291156462585032,30,-0.829681396484375,0.7901611328125
disco.00017,disco,2,disco/disco.00017.wav,True,,22050,661794,30.013333333333332,30,-0.984466552734375,0.988555908203125
disco.00018,disco,2,disco/disco.00018.wav,True,,22050,661794,30.013333333333332,30,-0.93365478515625,0.951019287109375
disco.00019,disco,2,disco/disco.00019.wav,True,,22050,661794,30.013333333333332,30,-0.988555908203125,0.988555908203125
disco.00020,disco,2,disco/disco.00020.wav,True,,22050,661794,30.013333333333332,30,-0.750091552734375,0.708740234375
disco.00021,disco,2,disco/disco.00021.wav,True,,22050,661794,30.013333333333332,30,-0.84722900390625,0.830352783203125
disco.00022,disco,2,disco/disco.00022.wav,True,,22050,661794,30.013333333333332,30,-0.77947998046875,0.781829833984375
disco.00023,disco,2,disco/disco.00023.wav,True,,22050,661794,30.013333333333332,30,-0.983123779296875,0.988555908203125
disco.00024,disco,2,disco/disco.00024.wav,True,,22050,661794,30.013333333333332,30,-0.939361572265625,0.985565185546875
disco.00025,disco,2,disco/disco.00025.wav,True,,22050,661794,30.013333333333332,30,-0.8934326171875,0.77435302734375
disco.00026,disco,2,disco/disco.00026.wav,True,,22050,661794,30.013333333333332,30,-0.862091064453125,0.7763671875
disco.00027,disco,2,disco/disco.00027.wav,True,,22050,661794,30.013333333333332,30,-0.89306640625,0.957916259765625
disco.00028,disco,2,disco/disco.00028.wav,True,,22050,661794,30.013333333333332,30,-0.96173095703125,0.969757080078125
disco.00029,disco,2,disco/disco.00029.wav,True,,22050,661794,30.013333333333332,30,-0.897979736328125,0.92376708984375
disco.00030,disco,2,disco/disco.00030.wav,True,,22050,661794,30.013333333333332,30,-0.9390869140625,0.9324951171875
disco.00031,disco,2,disco/disco.00031.wav,True,,22050,661794,30.013333333333332,30,-0.906280517578125,0.931427001953125
disco.00032,disco,2,disco/disco.00032.wav,True,,22050,661794,30.013333333333332,30,-0.899810791015625,0.875640869140625
disco.00033,disco,2,disco/disco.00033.wav,True,,22050,661794,30.013333333333332,30,-0.81622314453125,0.7947998046875
disco.00034,disco,2,disco/disco.00034.wav,True,,22050,661794,30.013333333333332,30,-0.95660400390625,0.806427001953125
disco.00035,disco,2,disco/disco.00035.wav,True,,22050,661794,30.013333333333332,30,-0.86517333984375,0.869781494140625
disco.00036,disco,2,disco/disco.00036.wav,True,,22050,661794,30.013333333333332,30,-0.9056396484375,0.89453125
disco.00037,disco,2,disco/disco.00037.wav,True,,22050,661794,30.013333333333332,30,-0.87506103515625,0.894989013671875
disco.00038,disco,2,disco/disco.00038.wav,True,,22050,661794,30.013333333333332,30,-0.760345458984375,0.8173828125
disco.00039,disco,2,disco/disco.00039.wav,True,,22050,661794,30.013333333333332,30,-0.869354248046875,0.80908203125
disco.00040,disco,2,disco/disco.00040.wav,True,,22050,661794,30.013333333333332,30,-0.95458984375,0.8902587890625
disco.00041,disco,2,disco/disco.00041.wav,True,,22050,661794,30.013333333333332,30,-0.850341796875,0.893707275390625
disco.00042,disco,2,disco/disco.00042.wav,True,,22050,661794,30.013333333333332,30,-0.839111328125,0.88690185546875
disco.00043,disco,2,disco/disco.00043.wav,True,,22050,661794,30.013333333333332,30,-0.8856201171875,0.875152587890625
disco.00044,disco,2,disco/disco.00044.wav,True,,22050,661794,30.013333333333332,30,-0.9674072265625,0.9583740234375
disco.00045,disco,2,disco/disco.00045.wav,True,,22050,661794,30.013333333333332,30,-0.92431640625,0.92559814453125
disco.00046,disco,2,disco/disco.00046.wav,True,,22050,661504,30.00018140589569,30,-0.898895263671875,0.9322509765625
disco.00047,disco,2,disco/disco.00047.wav,True,,22050,661504,30.00018140589569,30,-0.405242919921875,0.44403076171875
disco.00048,disco,2,disco/disco.00048.wav,True,,22050,661504,30.00018140589569,30,-0.852630615234375,0.86163330078125
disco.00049,disco,2,disco/disco.00049.wav,True,,22050,661504,30.00018140589569,30,-1.0,0.999969482421875
disco.00050,disco,2,disco/disco.00050.wav,True,,22050,661504,30.00018140589569,30,-0.828125,0.822784423828125
disco.00051,disco,2,disco/disco.00051.wav,True,,22050,661504,30.00018140589569,30,-0.79632568359375,0.7877197265625
disco.00052,disco,2,disco/disco.00052.wav,True,,22050,661504,30.00018140589569,30,-0.954742431640625,0.8477783203125
disco.00053,disco,2,disco/disco.00053.wav,True,,22050,661504,30.00018140589569,30,-1.0,0.985443115234375
disco.00054,disco,2,disco/disco.00054.wav,True,,22050,661504,30.00018140589569,30,-0.435882568359375,0.49676513671875
disco.00055,disco,2,disco/disco.00055.wav,True,,22050,661504,30.00018140589569,30,-0.745819091796875,0.833587646484375
disco.00056,disco,2,disco/disco.00056.wav,True,,22050,661504,30.00018140589569,30,-0.83074951171875,0.69244384765625
disco.00057,disco,2,disco/disco.00057.wav,True,,22050,661504,30.00018140589569,30,-0.47796630859375,0.463958740234375
disco.00058,disco,2,disco/disco.00058.wav,True,,22050,661504,30.00018140589569,30,-1.0,0.99688720703125
disco.00059,disco,2,disco/disco.00059.wav,True,,22050,661504,30.00018140589569,30,-0.786529541015625,0.788909912109375
disco.00060,disco,2,disco/disco.00060.wav,True,,22050,661504,30.00018140589569,30,-0.85101318359375,0.930877685546875
disco.00061,disco,2,disco/disco.00061.wav,True,,22050,661504,30.00018140589569,30,-1.0,0.990966796875
disco.00062,disco,2,disco/disco.00062.wav,True,,22050,661504,30.00018140589569,30,-1.0,0.991973876953125
disco.00063,disco,2,disco/disco.00063.wav,True,,22050,661504,30.00018140589569,30,-1.0,0.999969482421875
disco.00064,disco,2,disco/disco.00064.wav,True,,22050,661504,30.00018140589569,30,-0.709991455078125,0.6151123046875
disco.00065,disco,2,disco/disco.00065.wav,True,,22050,661504,30.00018140589569,30,-1.0,0.999237060546875
disco.00066,disco,2,disco/disco.00066.wav,True,,22050,661504,30.00018140589569,30,-0.9482421875,0.9287109375
disco.00067,disco,2,disco/disco.00067.wav,True,,22050,661504,30.00018140589569,30,-0.626708984375,0.68017578125
disco.00068,disco,2,disco/disco.00068.wav,True,,22050,661504,30.00018140589569,30,-0.964324951171875,0.9615478515625
disco.00069,disco,2,disco/disco.00069.wav,True,,22050,661504,30.00018140589569,30,-0.8621826171875,0.785491943359375
disco.00070,disco,2,disco/disco.00070.wav,True,,22050,661504,30.00018140589569,30,-0.84844970703125,0.800018310546875
disco.00071,disco,2,disco/disco.00071.wav,True,,22050,661504,30.00018140589569,30,-0.704681396484375,0.684722900390625
disco.00072,disco,2,disco/disco.00072.wav,True,,22050,661504,30.00018140589569,30,-0.708770751953125,0.80523681640625
disco.00073,disco,2,disco/disco.00073.wav,True,,22050,661504,30.00018140589569,30,-0.9381103515625,0.8687744140625
disco.00074,disco,2,disco/disco.00074.wav,True,,22050,661504,30.00018140589569,30,-0.986968994140625,0.92919921875
disco.00075,disco,2,disco/disco.00075.wav,True,,22050,661504,30.00018140589569,30,-0.970367431640625,0.898834228515625
disco.00076,disco,2,disco/disco.00076.wav,True,,22050,661504,30.00018140589569,30,-1.0,0.993682861328125
disco.00077,disco,2,disco/disco.00077.wav,True,,22050,661504,30.00018140589569,30,-0.9664306640625,0.93280029296875
disco.00078,disco,2,disco/disco.00078.wav,True,,22050,661504,30.00018140589569,30,-0.694366455078125,0.54986572265625
disco.00079,disco,2,disco/disco.00079.wav,True,,22050,661504,30.00018140589569,30,-0.697235107421875,0.76397705078125
disco.00080,disco,2,disco/disco.00080.wav,True,,22050,661504,30.00018140589569,30,-0.622833251953125,0.473907470703125
disco.00081,disco,2,disco/disco.00081.wav,True,,22050,661504,30.00018140589569,30,-0.758758544921875,0.68499755859375
disco.00082,disco,2,disco/disco.00082.wav,True,,22050,661504,30.00018140589569,30,-1.0,0.999664306640625
disco.00083,disco,2,disco/disco.00083.wav,True,,22050,661504,30.00018140589569,30,-0.5592041015625,0.593292236328125
disco.00084,disco,2,disco/disco.00084.wav,True,,22050,661504,30.00018140589569,30,-0.688690185546875,0.67498779296875
disco.00085,disco,2,disco/disco.00085.wav,True,,22050,661504,30.00018140589569,30,-0.7464599609375,0.743988037109375
disco.00086,disco,2,disco/disco.00086.wav,True,,22050,661504,30.00018140589569,30,-0.91448974609375,0.930145263671875
disco.00087,disco,2,disco/disco.00087.wav,True,,22050,661504,30.00018140589569,30,-0.850372314453125,0.813201904296875
disco.00088,disco,2,disco/disco.00088.wav,True,,22050,661504,30.00018140589569,30,-0.9114990234375,0.86163330078125
disco.00089,disco,2,disco/disco.00089.wav,True,,22050,661504,30.00018140589569,30,-0.681243896484375,0.60052490234375
disco.00090,disco,2,disco/disco.00090.wav,True,,22050,661504,30.00018140589569,30,-0.965972900390625,0.874969482421875
disco.00091,disco,2,disco/disco.00091.wav,True,,22050,661504,30.00018140589569,30,-1.0,0.99993896484375
disco.00092,disco,2,disco/disco.00092.wav,True,,22050,661504,30.00018140589569,30,-0.905029296875,0.994598388671875
disco.00093,disco,2,disco/disco.00093.wav,True,,22050,661504,30.00018140589569,30,-0.899688720703125,0.852386474609375
disco.00094,disco,2,disco/disco.00094.wav,True,,22050,661504,30.00018140589569,30,-0.738067626953125,0.73333740234375
disco.00095,disco,2,disco/disco.00095.wav,True,,22050,661504,30.00018140589569,30,-0.80218505859375,0.740264892578125
disco.00096,disco,2,disco/disco.00096.wav,True,,22050,661504,30.00018140589569,30,-0.94012451171875,0.924102783203125
disco.00097,disco,2,disco/disco.00097.wav,True,,22050,661504,30.00018140589569,30,-0.70330810546875,0.758544921875
disco.00098,disco,2,disco/disco.00098.wav,True,,22050,661504,30.00018140589569,30,-0.811279296875,0.828826904296875
disco.00099,disco,2,disco/disco.00099.wav,True,,22050,661504,30.00018140589569,30,-0.811279296875,0.828826904296875
hiphop.00000,hiphop,3,hiphop/hiphop.00000.wav,True,,22050,661504,30.00018140589569,30,-1.0,0.96673583984375
hiphop.00001,hiphop,3,hiphop/hiphop.00001.wav,True,,22050,661504,30.00018140589569,30,-1.0,0.9996337890625
hiphop.00002,hiphop,3,hiphop/hiphop.00002.wav,True,,22050,661504,30.00018140589569,30,-0.637481689453125,0.5751953125
hiphop.00003,hiphop,3,hiphop/hiphop.00003.wav,True,,22050,661504,30.00018140589569,30,-1.0,0.99993896484375
hiphop.00004,hiphop,3,hiphop/hiphop.00004.wav,True,,22050,661504,30.00018140589569,30,-1.0,0.999969482421875
hiphop.00005,hiphop,3,hiphop/hiphop.00005.wav,True,,22050,661504,30.00018140589569,30,-1.0,0.999847412109375
hiphop.00006,hiphop,3,hiphop/hiphop.00006.wav,True,,22050,661504,30.00018140589569,30,-1.0,0.999969482421875
hiphop.00007,hiphop,3,hiphop/hiphop.00007.wav,True,,22050,661504,30.00018140589569,30,-1.0,0.999969482421875
hiphop.00008,hiphop,3,hiphop/hiphop.00008.wav,True,,22050,661794,30.013333333333332,30,-1.0,0.999786376953125
hiphop.00009,hiphop,3,hiphop/hiphop.00009.wav,True,,22050,661794,30.013333333333332,30,-1.0,0.999969482421875
hiphop.00010,hiphop,3,hiphop/hiphop.00010.wav,True,,22050,661794,30.013333333333332,30,-0.96685791015625,0.9642333984375
hiphop.00011,hiphop,3,hiphop/hiphop.00011.wav,True,,22050,661794,30.013333333333332,30,-1.0,0.99169921875
hiphop.00012,hiphop,3,hiphop/hiphop.00012.wav,True,,22050,661794,30.013333333333332,30,-0.97393798828125,0.992156982421875
hiphop.00013,hiphop,3,hiphop/hiphop.00013.wav,True,,22050,661794,30.013333333333332,30,-0.707275390625,0.68414306640625
hiphop.00014,hiphop,3,hiphop/hiphop.00014.wav,True,,22050,661794,30.013333333333332,30,-1.0,0.996612548828125
hiphop.00015,hiphop,3,hiphop/hiphop.00015.wav,True,,22050,661794,30.013333333333332,30,-0.997650146484375,0.97454833984375
hiphop.00016,hiphop,3,hiphop/hiphop.00016.wav,True,,22050,661794,30.013333333333332,30,-1.0,0.99951171875
hiphop.00017,hiphop,3,hiphop/hiphop.00017.wav,True,,22050,661794,30.013333333333332,30,-1.0,0.9998779296875
hiphop.00018,hiphop,3,hiphop/hiphop.00018.wav,True,,22050,661794,30.013333333333332,30,-0.98858642578125,0.93939208984375
hiphop.00019,hiphop,3,hiphop/hiphop.00019.wav,True,,22050,661794,30.013333333333332,30,-1.0,0.999969482421875
hiphop.00020,hiphop,3,hiphop/hiphop.00020.wav,True,,22050,661794,30.013333333333332,30,-1.0,0.98480224609375
hiphop.00021,hiphop,3,hiphop/hiphop.00021.wav,True,,22050,661794,30.013333333333332,30,-0.9271240234375,0.9119873046875
hiphop.00022,hiphop,3,hiphop/hiphop.00022.wav,True,,22050,661794,30.013333333333332,30,-1.0,0.996917724609375
hiphop.00023,hiphop,3,hiphop/hiphop.00023.wav,True,,22050,661794,30.013333333333332,30,-0.914031982421875,0.8984375
hiphop.00024,hiphop,3,hiphop/hiphop.00024.wav,True,,22050,661794,30.013333333333332,30,-1.0,0.99993896484375
hiphop.00025,hiphop,3,hiphop/hiphop.00025.wav,True,,22050,661794,30.013333333333332,30,-1.0,0.973480224609375
hiphop.00026,hiphop,3,hiphop/hiphop.00026.wav,True,,22050,669680,30.370975056689343,30,-0.732330322265625,0.757415771484375
hiphop.00027,hiphop,3,hiphop/hiphop.00027.wav,True,,22050,664400,30.131519274376416,30,-0.6353759765625,0.639251708984375
hiphop.00028,hiphop,3,hiphop/hiphop.00028.wav,True,,22050,661676,30.00798185941043,30,-0.7425537109375,0.679718017578125
hiphop.00029,hiphop,3,hiphop/hiphop.00029.wav,True,,22050,669240,30.351020408163265,30,-0.75946044921875,0.688934326171875
hiphop.00030,hiphop,3,hiphop/hiphop.00030.wav,True,,22050,661760,30.011791383219954,30,-0.7972412109375,0.820831298828125
hiphop.00031,hiphop,3,hiphop/hiphop.00031.wav,True,,22050,661408,29.995827664399094,29,-0.810760498046875,0.806854248046875
hiphop.00032,hiphop,3,hiphop/hiphop.00032.wav,True,,22050,660000,29.931972789115648,29,-0.722747802734375,0.71466064453125
hiphop.00033,hiphop,3,hiphop/hiphop.00033.wav,True,,22050,665280,30.17142857142857,30,-0.8138427734375,0.816619873046875
hiphop.00034,hiphop,3,hiphop/hiphop.00034.wav,True,,22050,667700,30.281179138321995,30,-0.89459228515625,0.815704345703125
hiphop.00035,hiphop,3,hiphop/hiphop.00035.wav,True,,22050,668140,30.301133786848073,30,-0.80474853515625,0.81280517578125
hiphop.00036,hiphop,3,hiphop/hiphop.00036.wav,True,,22050,675808,30.648888888888887,30,-0.9508056640625,0.9654541015625
hiphop.00037,hiphop,3,hiphop/hiphop.00037.wav,True,,22050,675808,30.648888888888887,30,-0.99725341796875,0.997222900390625
hiphop.00038,hiphop,3,hiphop/hiphop.00038.wav,True,,22050,675808,30.648888888888887,30,-0.99725341796875,0.997222900390625
hiphop.00039,hiphop,3,hiphop/hiphop.00039.wav,True,,22050,675808,30.648888888888887,30,-0.99725341796875,0.997222900390625
hiphop.00040,hiphop,3,hiphop/hiphop.00040.wav,True,,22050,675808,30.648888888888887,30,-0.99725341796875,0.997222900390625
hiphop.00041,hiphop,3,hiphop/hiphop.00041.wav,True,,22050,675808,30.648888888888887,30,-0.99725341796875,0.997222900390625
hiphop.00042,hiphop,3,hiphop/hiphop.00042.wav,True,,22050,675808,30.648888888888887,30,-0.99725341796875,0.99700927734375
hiphop.00043,hiphop,3,hiphop/hiphop.00043.wav,True,,22050,675808,30.648888888888887,30,-0.99725341796875,0.997222900390625
hiphop.00044,hiphop,3,hiphop/hiphop.00044.wav,True,,22050,675808,30.648888888888887,30,-0.456512451171875,0.40771484375
hiphop.00045,hiphop,3,hiphop/hiphop.00045.wav,True,,22050,675808,30.648888888888887,30,-0.99725341796875,0.997222900390625
hiphop.00046,hiphop,3,hiphop/hiphop.00046.wav,True,,22050,661794,30.013333333333332,30,-0.988555908203125,0.988555908203125
hiphop.00047,hiphop,3,hiphop/hiphop.00047.wav,True,,22050,661794,30.013333333333332,30,-0.988555908203125,0.988555908203125
hiphop.00048,hiphop,3,hiphop/hiphop.00048.wav,True,,22050,661794,30.013333333333332,30,-0.9874267578125,0.978485107421875
hiphop.00049,hiphop,3,hiphop/hiphop.00049.wav,True,,22050,661794,30.013333333333332,30,-0.98748779296875,0.987457275390625
hiphop.00050,hiphop,3,hiphop/hiphop.00050.wav,True,,22050,661794,30.013333333333332,30,-0.98748779296875,0.98748779296875
hiphop.00051,hiphop,3,hiphop/hiphop.00051.wav,True,,22050,661794,30.013333333333332,30,-0.846221923828125,0.84332275390625
hiphop.00052,hiphop,3,hiphop/hiphop.00052.wav,True,,22050,661794,30.013333333333332,30,-0.747100830078125,0.80145263671875
hiphop.00053,hiphop,3,hiphop/hiphop.00053.wav,True,,22050,661794,30.013333333333332,30,-0.798248291015625,0.710906982421875
hiphop.00054,hiphop,3,hiphop/hiphop.00054.wav,True,,22050,661794,30.013333333333332,30,-0.8765869140625,0.90985107421875
hiphop.00055,hiphop,3,hiphop/hiphop.00055.wav,True,,22050,661794,30.013333333333332,30,-0.880889892578125,0.88555908203125
hiphop.00056,hiphop,3,hiphop/hiphop.00056.wav,True,,22050,661794,30.013333333333332,30,-0.907135009765625,0.83465576171875
hiphop.00057,hiphop,3,hiphop/hiphop.00057.wav,True,,22050,661794,30.013333333333332,30,-0.918365478515625,0.90008544921875
hiphop.00058,hiphop,3,hiphop/hiphop.00058.wav,True,,22050,661794,30.013333333333332,30,-0.9141845703125,0.991912841796875
hiphop.00059,hiphop,3,hiphop/hiphop.00059.wav,True,,22050,661794,30.013333333333332,30,-0.835723876953125,0.843292236328125
hiphop.00060,hiphop,3,hiphop/hiphop.00060.wav,True,,22050,661794,30.013333333333332,30,-0.95855712890625,0.86590576171875
hiphop.00061,hiphop,3,hiphop/hiphop.00061.wav,True,,22050,661794,30.013333333333332,30,-0.906463623046875,0.903961181640625
hiphop.00062,hiphop,3,hiphop/hiphop.00062.wav,True,,22050,661794,30.013333333333332,30,-0.988555908203125,0.988555908203125
hiphop.00063,hiphop,3,hiphop/hiphop.00063.wav,True,,22050,661794,30.013333333333332,30,-0.988555908203125,0.988555908203125
hiphop.00064,hiphop,3,hiphop/hiphop.00064.wav,True,,22050,661794,30.013333333333332,30,-0.98748779296875,0.98748779296875
hiphop.00065,hiphop,3,hiphop/hiphop.00065.wav,True,,22050,661794,30.013333333333332,30,-0.988555908203125,0.988555908203125
hiphop.00066,hiphop,3,hiphop/hiphop.00066.wav,True,,22050,661794,30.013333333333332,30,-0.988555908203125,0.988555908203125
hiphop.00067,hiphop,3,hiphop/hiphop.00067.wav,True,,22050,661794,30.013333333333332,30,-0.988555908203125,0.988555908203125
hiphop.00068,hiphop,3,hiphop/hiphop.00068.wav,True,,22050,661794,30.013333333333332,30,-0.9874267578125,0.987457275390625
hiphop.00069,hiphop,3,hiphop/hiphop.00069.wav,True,,22050,661794,30.013333333333332,30,-0.98748779296875,0.98748779296875
hiphop.00070,hiphop,3,hiphop/hiphop.00070.wav,True,,22050,661794,30.013333333333332,30,-0.988555908203125,0.988555908203125
hiphop.00071,hiphop,3,hiphop/hiphop.00071.wav,True,,22050,661794,30.013333333333332,30,-0.98748779296875,0.98748779296875
hiphop.00072,hiphop,3,hiphop/hiphop.00072.wav,True,,22050,661794,30.013333333333332,30,-0.98748779296875,0.987457275390625
hiphop.00073,hiphop,3,hiphop/hiphop.00073.wav,True,,22050,661794,30.013333333333332,30,-0.988555908203125,0.988555908203125
hiphop.00074,hiphop,3,hiphop/hiphop.00074.wav,True,,22050,661794,30.013333333333332,30,-0.960968017578125,0.97625732421875
hiphop.00075,hiphop,3,hiphop/hiphop.00075.wav,True,,22050,661794,30.013333333333332,30,-0.988555908203125,0.988555908203125
hiphop.00076,hiphop,3,hiphop/hiphop.00076.wav,True,,22050,661504,30.00018140589569,30,-1.0,0.999969482421875
hiphop.00077,hiphop,3,hiphop/hiphop.00077.wav,True,,22050,661504,30.00018140589569,30,-1.0,0.999969482421875
hiphop.00078,hiphop,3,hiphop/hiphop.00078.wav,True,,22050,661504,30.00018140589569,30,-1.0,0.999969482421875
hiphop.00079,hiphop,3,hiphop/hiphop.00079.wav,True,,22050,661504,30.00018140589569,30,-1.0,0.999969482421875
hiphop.00080,hiphop,3,hiphop/hiphop.00080.wav,True,,22050,661504,30.00018140589569,30,-0.4736328125,0.449371337890625
hiphop.00081,hiphop,3,hiphop/hiphop.00081.wav,True,,22050,661794,30.013333333333332,30,-0.91802978515625,0.73992919921875
hiphop.00082,hiphop,3,hiphop/hiphop.00082.wav,True,,22050,661794,30.013333333333332,30,-0.533416748046875,0.5084228515625
hiphop.00083,hiphop,3,hiphop/hiphop.00083.wav,True,,22050,661794,30.013333333333332,30,-0.768829345703125,0.78607177734375
hiphop.00084,hiphop,3,hiphop/hiphop.00084.wav,True,,22050,661794,30.013333333333332,30,-0.463226318359375,0.491912841796875
hiphop.00085,hiphop,3,hiphop/hiphop.00085.wav,True,,22050,661794,30.013333333333332,30,-0.732025146484375,0.706298828125
hiphop.00086,hiphop,3,hiphop/hiphop.00086.wav,True,,22050,661794,30.013333333333332,30,-0.687469482421875,0.58660888671875
hiphop.00087,hiphop,3,hiphop/hiphop.00087.wav,True,,22050,661794,30.013333333333332,30,-0.5400390625,0.54901123046875
hiphop.00088,hiphop,3,hiphop/hiphop.00088.wav,True,,22050,661794,30.013333333333332,30,-1.0,0.950042724609375
hiphop.00089,hiphop,3,hiphop/hiphop.00089.wav,True,,22050,661794,30.013333333333332,30,-0.823333740234375,0.80657958984375
hiphop.00090,hiphop,3,hiphop/hiphop.00090.wav,True,,22050,661794,30.013333333333332,30,-0.607208251953125,0.68682861328125
hiphop.00091,hiphop,3,hiphop/hiphop.00091.wav,True,,22050,661794,30.013333333333332,30,-0.74041748046875,0.69244384765625
hiphop.00092,hiphop,3,hiphop/hiphop.00092.wav,True,,22050,661794,30.013333333333332,30,-0.63336181640625,0.610137939453125
hiphop.00093,hiphop,3,hiphop/hiphop.00093.wav,True,,22050,661794,30.013333333333332,30,-0.60723876953125,0.65130615234375
hiphop.00094,hiphop,3,hiphop/hiphop.00094.wav,True,,22050,661794,30.013333333333332,30,-0.624053955078125,0.568359375
hiphop.00095,hiphop,3,hiphop/hiphop.00095.wav,True,,22050,661794,30.013333333333332,30,-0.9093017578125,0.82891845703125
hiphop.00096,hiphop,3,hiphop/hiphop.00096.wav,True,,22050,661794,30.013333333333332,30,-0.725311279296875,0.83367919921875
hiphop.00097,hiphop,3,hiphop/hiphop.00097.wav,True,,22050,661794,30.013333333333332,30,-0.720550537109375,0.6846923828125
hiphop.00098,hiphop,3,hiphop/hiphop.00098.wav,True,,22050,661794,30.013333333333332,30,-0.707611083984375,0.72064208984375
hiphop.00099,hiphop,3,hiphop/hiphop.00099.wav,True,,22050,661504,30.00018140589569,30,-0.888153076171875,0.891448974609375
