config,gamma,lambda,alpha,best_epoch,epochs_run,val_recon,recon_ratio_to_AE,valid_1.5x_rule,beats_trivial,val_knn5_accuracy,val_classifier_accuracy,val_ce,val_center,mean_z_norm_val,run
1,0.5,0.001,0.1,37,300,1.1191642383789606,1.395459879955244,True,False,0.8143413007226237,0.8365758754863813,0.40711765596772514,25.433930308504724,18.65024757385254,grid_g0.5_l0.001_a0.1
2,0.5,0.01,0.1,58,300,1.1190889198426208,1.3953659670226513,True,False,0.8121178432462479,0.8282379099499723,0.46240024025934545,4.503944791377154,9.577326774597168,grid_g0.5_l0.01_a0.1
3,0.5,0.1,0.1,85,300,1.1190003018169816,1.3952554712659253,True,False,0.7987770983879934,0.8010005558643691,0.5222406816721095,0.4624606986520289,3.1292407512664795,grid_g0.5_l0.1_a0.1
4,0.9,0.001,0.1,302,322,0.9734772899006392,1.2138062095975564,True,True,0.8154530294608116,0.8137854363535297,0.8507134361754795,6.399848874374652,7.398791790008545,grid_g0.9_l0.001_a0.1
5,0.9,0.01,0.1,280,300,0.9602687935354711,1.1973368424394133,True,True,0.7948860478043357,0.7854363535297387,0.7835564435754239,1.0682193232351307,3.3726577758789062,grid_g0.9_l0.01_a0.1
6,0.9,0.1,0.1,419,439,0.927145533325806,1.1560362190538274,True,True,0.8132295719844358,0.8137854363535297,0.6695598031892718,0.1169091182791438,0.9216611981391907,grid_g0.9_l0.1_a0.1
7,0.99,0.001,0.1,355,375,0.8147124650413424,1.0158460391044652,True,True,0.7331851028349082,0.7587548638132295,0.6241326154504239,2.583865765268899,3.9963200092315674,grid_g0.99_l0.001_a0.1
8,0.99,0.01,0.1,406,426,0.8496848292454141,1.0594522672883218,True,True,0.7504168982768205,0.7298499166203446,0.6106862889322193,0.3003891525565418,1.2617411613464355,grid_g0.99_l0.01_a0.1
9,0.99,0.1,0.1,454,474,0.8591285523207337,1.0712274261230108,True,True,0.6859366314619233,0.7292940522512507,0.6850727753482838,0.04004175547694683,0.37402498722076416,grid_g0.99_l0.1_a0.1
